id,order_id,ticket_id,product_id,product_nombre,staff_id,staff_nombre,cantidad,total,is_delivery,delivery_range,courtesy_percent,order_name,payment_method,ticket,created_at
"1","","7001","4","Aretes Plata Perla Natural","2","Sofia Mendez","1","1200","0","","0","","efectivo","","01/03/2026"
"2","","7002","10","Dije Plata Cruz Catolica","3","Andrea Vargas","2","1040","0","","0","","efectivo","","01/03/2026"
"3","","7002","7","Pulsera Oro Eslabon Cubano","3","Andrea Vargas","1","4200","0","","0","","efectivo","","01/03/2026"
"4","","7002","1","Anillo Oro 14k Solitario","3","Andrea Vargas","1","4800","0","","0","","efectivo","","01/03/2026"
"5","","7003","14","Esclava Plata Personalizada","2","Sofia Mendez","1","1450","0","","0","","efectivo","","01/03/2026"
"6","","7003","11","Cadena Oro 50cm Barbada","2","Sofia Mendez","1","5200","0","","0","","efectivo","","01/03/2026"
"7","","7003","3","Aretes Oro Argolla Pequena","2","Sofia Mendez","1","1800","0","","0","","efectivo","","01/03/2026"
"8","","7004","11","Cadena Oro 50cm Barbada","5","Roberto Aguilar","2","10400","0","","0","","transferencia","","01/03/2026"
"9","","7004","9","Dije Oro Letra Inicial","5","Roberto Aguilar","1","1500","0","","0","","transferencia","","01/03/2026"
"10","","7005","10","Dije Plata Cruz Catolica","4","Patricia Solis","2","1040","0","","0","","efectivo","","02/03/2026"
"11","","7006","2","Anillo Plata 925 Infinito","5","Roberto Aguilar","2","1900","0","","0","","tarjeta","","02/03/2026"
"12","","7006","15","Set Aretes Collar Cuarzo Rosa","5","Roberto Aguilar","2","4400","0","","0","","tarjeta","","02/03/2026"
"13","","7006","9","Dije Oro Letra Inicial","5","Roberto Aguilar","1","1500","0","","0","","tarjeta","","02/03/2026"
"14","","7007","12","Cadena Plata 60cm Snake","5","Roberto Aguilar","1","1100","0","","0","","efectivo","","03/03/2026"
"15","","7007","6","Collar Plata Dije Corazon","5","Roberto Aguilar","2","1780","0","","0","","efectivo","","03/03/2026"
"16","","7008","11","Cadena Oro 50cm Barbada","4","Patricia Solis","2","10400","0","","0","","efectivo","","03/03/2026"
"17","","7008","2","Anillo Plata 925 Infinito","4","Patricia Solis","2","1900","0","","0","","efectivo","","03/03/2026"
"18","","7008","1","Anillo Oro 14k Solitario","4","Patricia Solis","1","4800","0","","0","","efectivo","","03/03/2026"
"19","","7009","3","Aretes Oro Argolla Pequena","2","Sofia Mendez","1","1800","1","7 km","0","","tarjeta","","03/03/2026"
"20","","7009","10","Dije Plata Cruz Catolica","2","Sofia Mendez","2","1040","1","7 km","0","","tarjeta","","03/03/2026"
"21","","7010","3","Aretes Oro Argolla Pequena","5","Roberto Aguilar","2","3600","0","","0","","tarjeta","","04/03/2026"
"22","","7011","7","Pulsera Oro Eslabon Cubano","5","Roberto Aguilar","1","4200","0","","0","","tarjeta","","04/03/2026"
"23","","7011","6","Collar Plata Dije Corazon","5","Roberto Aguilar","1","890","0","","0","","tarjeta","","04/03/2026"
"24","","7011","11","Cadena Oro 50cm Barbada","5","Roberto Aguilar","1","5200","0","","0","","tarjeta","","04/03/2026"
"25","","7012","3","Aretes Oro Argolla Pequena","2","Sofia Mendez","2","3600","0","","0","","tarjeta","","04/03/2026"
"26","","7012","5","Collar Oro Cadena Veneciana","2","Sofia Mendez","1","3600","0","","0","","tarjeta","","04/03/2026"
"27","","7012","14","Esclava Plata Personalizada","2","Sofia Mendez","1","1450","0","","0","","tarjeta","","04/03/2026"
"28","","7013","13","Anillo Compromiso Diamante","5","Roberto Aguilar","2","37000","0","","0","","tarjeta","","04/03/2026"
"29","","7013","9","Dije Oro Letra Inicial","5","Roberto Aguilar","1","1500","0","","0","","tarjeta","","04/03/2026"
"30","","7013","7","Pulsera Oro Eslabon Cubano","5","Roberto Aguilar","1","4200","0","","0","","tarjeta","","04/03/2026"
"31","","7014","3","Aretes Oro Argolla Pequena","4","Patricia Solis","1","1800","1","3 km","0","","efectivo","","05/03/2026"
"32","","7014","2","Anillo Plata 925 Infinito","4","Patricia Solis","2","1900","1","3 km","0","","efectivo","","05/03/2026"
"33","","7015","14","Esclava Plata Personalizada","3","Andrea Vargas","2","2900","0","","0","","efectivo","","05/03/2026"
"34","","7016","14","Esclava Plata Personalizada","5","Roberto Aguilar","1","1450","0","","0","","tarjeta","","06/03/2026"
"35","","7017","5","Collar Oro Cadena Veneciana","3","Andrea Vargas","1","3600","1","11 km","0","","efectivo","","07/03/2026"
"36","","7017","8","Pulsera Plata Tejido Cuerda","3","Andrea Vargas","2","1560","1","11 km","0","","efectivo","","07/03/2026"
"37","","7017","12","Cadena Plata 60cm Snake","3","Andrea Vargas","1","1100","1","11 km","0","","efectivo","","07/03/2026"
"38","","7018","6","Collar Plata Dije Corazon","3","Andrea Vargas","1","890","0","","0","","efectivo","","07/03/2026"
"39","","7018","3","Aretes Oro Argolla Pequena","3","Andrea Vargas","1","1800","0","","0","","efectivo","","07/03/2026"
"40","","7018","15","Set Aretes Collar Cuarzo Rosa","3","Andrea Vargas","1","2200","0","","0","","efectivo","","07/03/2026"
"41","","7019","13","Anillo Compromiso Diamante","5","Roberto Aguilar","2","37000","0","","0","","transferencia","","07/03/2026"
"42","","7019","4","Aretes Plata Perla Natural","5","Roberto Aguilar","2","2400","0","","0","","transferencia","","07/03/2026"
"43","","7019","14","Esclava Plata Personalizada","5","Roberto Aguilar","2","2900","0","","0","","transferencia","","07/03/2026"
"44","","7020","13","Anillo Compromiso Diamante","4","Patricia Solis","1","18500","1","4 km","0","","transferencia","","08/03/2026"
"45","","7020","12","Cadena Plata 60cm Snake","4","Patricia Solis","2","2200","1","4 km","0","","transferencia","","08/03/2026"
"46","","7021","10","Dije Plata Cruz Catolica","2","Sofia Mendez","1","520","0","","0","","tarjeta","","08/03/2026"
"47","","7021","15","Set Aretes Collar Cuarzo Rosa","2","Sofia Mendez","1","2200","0","","0","","tarjeta","","08/03/2026"
"48","","7022","13","Anillo Compromiso Diamante","3","Andrea Vargas","2","37000","0","","0","","tarjeta","","08/03/2026"
"49","","7022","4","Aretes Plata Perla Natural","3","Andrea Vargas","2","2400","0","","0","","tarjeta","","08/03/2026"
"50","","7022","8","Pulsera Plata Tejido Cuerda","3","Andrea Vargas","2","1560","0","","0","","tarjeta","","08/03/2026"
"51","","7023","3","Aretes Oro Argolla Pequena","2","Sofia Mendez","1","1800","0","","0","","tarjeta","","09/03/2026"
"52","","7024","15","Set Aretes Collar Cuarzo Rosa","3","Andrea Vargas","1","2200","1","4 km","0","","efectivo","","09/03/2026"
"53","","7024","6","Collar Plata Dije Corazon","3","Andrea Vargas","2","1780","1","4 km","0","","efectivo","","09/03/2026"
"54","","7024","3","Aretes Oro Argolla Pequena","3","Andrea Vargas","1","1800","1","4 km","0","","efectivo","","09/03/2026"
"55","","7025","4","Aretes Plata Perla Natural","3","Andrea Vargas","1","1200","0","","0","","efectivo","","10/03/2026"
"56","","7025","5","Collar Oro Cadena Veneciana","3","Andrea Vargas","1","3600","0","","0","","efectivo","","10/03/2026"
"57","","7026","10","Dije Plata Cruz Catolica","5","Roberto Aguilar","1","520","1","5 km","0","","efectivo","","11/03/2026"
"58","","7026","14","Esclava Plata Personalizada","5","Roberto Aguilar","2","2900","1","5 km","0","","efectivo","","11/03/2026"
"59","","7026","9","Dije Oro Letra Inicial","5","Roberto Aguilar","1","1500","1","5 km","0","","efectivo","","11/03/2026"
"60","","7027","3","Aretes Oro Argolla Pequena","3","Andrea Vargas","1","1800","0","","0","","tarjeta","","11/03/2026"
"61","","7028","9","Dije Oro Letra Inicial","5","Roberto Aguilar","1","1500","0","","0","","efectivo","","11/03/2026"
"62","","7028","15","Set Aretes Collar Cuarzo Rosa","5","Roberto Aguilar","2","4400","0","","0","","efectivo","","11/03/2026"
"63","","7028","14","Esclava Plata Personalizada","5","Roberto Aguilar","1","1450","0","","0","","efectivo","","11/03/2026"
"64","","7029","8","Pulsera Plata Tejido Cuerda","2","Sofia Mendez","1","780","0","","0","","tarjeta","","11/03/2026"
"65","","7029","9","Dije Oro Letra Inicial","2","Sofia Mendez","2","3000","0","","0","","tarjeta","","11/03/2026"
"66","","7029","1","Anillo Oro 14k Solitario","2","Sofia Mendez","2","9600","0","","0","","tarjeta","","11/03/2026"
"67","","7030","9","Dije Oro Letra Inicial","3","Andrea Vargas","2","3000","1","4 km","0","","tarjeta","","12/03/2026"
"68","","7030","5","Collar Oro Cadena Veneciana","3","Andrea Vargas","1","3600","1","4 km","0","","tarjeta","","12/03/2026"
"69","","7030","15","Set Aretes Collar Cuarzo Rosa","3","Andrea Vargas","1","2200","1","4 km","0","","tarjeta","","12/03/2026"
"70","","7031","4","Aretes Plata Perla Natural","4","Patricia Solis","2","2400","0","","0","","efectivo","","12/03/2026"
"71","","7032","8","Pulsera Plata Tejido Cuerda","3","Andrea Vargas","1","780","0","","0","","efectivo","","13/03/2026"
"72","","7033","7","Pulsera Oro Eslabon Cubano","4","Patricia Solis","2","8400","0","","0","","tarjeta","","13/03/2026"
"73","","7033","9","Dije Oro Letra Inicial","4","Patricia Solis","1","1500","0","","0","","tarjeta","","13/03/2026"
"74","","7033","15","Set Aretes Collar Cuarzo Rosa","4","Patricia Solis","2","4400","0","","0","","tarjeta","","13/03/2026"
"75","","7034","12","Cadena Plata 60cm Snake","5","Roberto Aguilar","1","1100","0","","0","","transferencia","","13/03/2026"
"76","","7034","1","Anillo Oro 14k Solitario","5","Roberto Aguilar","1","4800","0","","0","","transferencia","","13/03/2026"
"77","","7035","5","Collar Oro Cadena Veneciana","4","Patricia Solis","1","3600","0","","0","","efectivo","","14/03/2026"
"78","","7036","3","Aretes Oro Argolla Pequena","5","Roberto Aguilar","1","1800","1","3 km","0","","transferencia","","15/03/2026"
"79","","7036","9","Dije Oro Letra Inicial","5","Roberto Aguilar","2","3000","1","3 km","0","","transferencia","","15/03/2026"
"80","","7037","2","Anillo Plata 925 Infinito","2","Sofia Mendez","1","950","0","","0","","efectivo","","15/03/2026"
"81","","7037","13","Anillo Compromiso Diamante","2","Sofia Mendez","2","37000","0","","0","","efectivo","","15/03/2026"
"82","","7037","5","Collar Oro Cadena Veneciana","2","Sofia Mendez","1","3600","0","","0","","efectivo","","15/03/2026"
"83","","7038","7","Pulsera Oro Eslabon Cubano","3","Andrea Vargas","1","4200","0","","0","","efectivo","","15/03/2026"
"84","","7038","5","Collar Oro Cadena Veneciana","3","Andrea Vargas","2","7200","0","","0","","efectivo","","15/03/2026"
"85","","7038","10","Dije Plata Cruz Catolica","3","Andrea Vargas","1","520","0","","0","","efectivo","","15/03/2026"
"86","","7039","11","Cadena Oro 50cm Barbada","3","Andrea Vargas","2","10400","0","","0","","transferencia","","16/03/2026"
"87","","7039","5","Collar Oro Cadena Veneciana","3","Andrea Vargas","1","3600","0","","0","","transferencia","","16/03/2026"
"88","","7040","1","Anillo Oro 14k Solitario","2","Sofia Mendez","2","9600","0","","0","","efectivo","","16/03/2026"
"89","","7041","11","Cadena Oro 50cm Barbada","5","Roberto Aguilar","2","10400","0","","0","","tarjeta","","17/03/2026"
"90","","7042","6","Collar Plata Dije Corazon","3","Andrea Vargas","1","890","0","","0","","tarjeta","","17/03/2026"
"91","","7043","11","Cadena Oro 50cm Barbada","4","Patricia Solis","2","10400","0","","0","","tarjeta","","17/03/2026"
"92","","7044","4","Aretes Plata Perla Natural","2","Sofia Mendez","1","1200","0","","0","","tarjeta","","17/03/2026"
"93","","7044","12","Cadena Plata 60cm Snake","2","Sofia Mendez","2","2200","0","","0","","tarjeta","","17/03/2026"
"94","","7044","5","Collar Oro Cadena Veneciana","2","Sofia Mendez","2","7200","0","","0","","tarjeta","","17/03/2026"
"95","","7045","1","Anillo Oro 14k Solitario","4","Patricia Solis","2","9600","0","","0","","tarjeta","","18/03/2026"
"96","","7046","5","Collar Oro Cadena Veneciana","3","Andrea Vargas","2","7200","0","","0","","tarjeta","","18/03/2026"
"97","","7046","9","Dije Oro Letra Inicial","3","Andrea Vargas","1","1500","0","","0","","tarjeta","","18/03/2026"
"98","","7047","10","Dije Plata Cruz Catolica","5","Roberto Aguilar","1","520","0","","0","","efectivo","","18/03/2026"
"99","","7047","1","Anillo Oro 14k Solitario","5","Roberto Aguilar","2","9600","0","","0","","efectivo","","18/03/2026"
"100","","7048","5","Collar Oro Cadena Veneciana","3","Andrea Vargas","2","7200","0","","0","","efectivo","","19/03/2026"
"101","","7049","13","Anillo Compromiso Diamante","2","Sofia Mendez","1","18500","0","","0","","efectivo","","19/03/2026"
"102","","7049","9","Dije Oro Letra Inicial","2","Sofia Mendez","1","1500","0","","0","","efectivo","","19/03/2026"
"103","","7049","10","Dije Plata Cruz Catolica","2","Sofia Mendez","1","520","0","","0","","efectivo","","19/03/2026"
"104","","7050","7","Pulsera Oro Eslabon Cubano","5","Roberto Aguilar","1","4200","1","3 km","0","","efectivo","","19/03/2026"
"105","","7051","1","Anillo Oro 14k Solitario","2","Sofia Mendez","1","4800","0","","0","","efectivo","","19/03/2026"
"106","","7051","8","Pulsera Plata Tejido Cuerda","2","Sofia Mendez","2","1560","0","","0","","efectivo","","19/03/2026"
"107","","7052","4","Aretes Plata Perla Natural","3","Andrea Vargas","2","2400","0","","0","","tarjeta","","20/03/2026"
"108","","7052","12","Cadena Plata 60cm Snake","3","Andrea Vargas","1","1100","0","","0","","tarjeta","","20/03/2026"
"109","","7053","10","Dije Plata Cruz Catolica","3","Andrea Vargas","2","1040","0","","0","","efectivo","","21/03/2026"
"110","","7054","8","Pulsera Plata Tejido Cuerda","2","Sofia Mendez","1","780","0","","0","","tarjeta","","21/03/2026"
"111","","7055","12","Cadena Plata 60cm Snake","4","Patricia Solis","1","1100","0","","0","","tarjeta","","21/03/2026"
"112","","7055","9","Dije Oro Letra Inicial","4","Patricia Solis","2","3000","0","","0","","tarjeta","","21/03/2026"
"113","","7056","5","Collar Oro Cadena Veneciana","5","Roberto Aguilar","2","7200","0","","0","","efectivo","","22/03/2026"
"114","","7057","2","Anillo Plata 925 Infinito","2","Sofia Mendez","1","950","0","","0","","tarjeta","","22/03/2026"
"115","","7058","12","Cadena Plata 60cm Snake","4","Patricia Solis","1","1100","0","","0","","tarjeta","","22/03/2026"
"116","","7059","8","Pulsera Plata Tejido Cuerda","5","Roberto Aguilar","2","1560","0","","0","","tarjeta","","22/03/2026"
"117","","7060","14","Esclava Plata Personalizada","4","Patricia Solis","2","2900","0","","0","","efectivo","","23/03/2026"
"118","","7061","12","Cadena Plata 60cm Snake","2","Sofia Mendez","2","2200","0","","0","","transferencia","","23/03/2026"
"119","","7062","15","Set Aretes Collar Cuarzo Rosa","4","Patricia Solis","2","4400","0","","0","","efectivo","","23/03/2026"
"120","","7062","7","Pulsera Oro Eslabon Cubano","4","Patricia Solis","1","4200","0","","0","","efectivo","","23/03/2026"
"121","","7063","9","Dije Oro Letra Inicial","3","Andrea Vargas","1","1500","0","","0","","transferencia","","24/03/2026"
"122","","7063","6","Collar Plata Dije Corazon","3","Andrea Vargas","2","1780","0","","0","","transferencia","","24/03/2026"
"123","","7064","2","Anillo Plata 925 Infinito","5","Roberto Aguilar","2","1900","0","","0","","tarjeta","","24/03/2026"
"124","","7064","1","Anillo Oro 14k Solitario","5","Roberto Aguilar","2","9600","0","","0","","tarjeta","","24/03/2026"
"125","","7064","12","Cadena Plata 60cm Snake","5","Roberto Aguilar","1","1100","0","","0","","tarjeta","","24/03/2026"
"126","","7065","8","Pulsera Plata Tejido Cuerda","5","Roberto Aguilar","2","1560","0","","0","","transferencia","","24/03/2026"
"127","","7066","8","Pulsera Plata Tejido Cuerda","5","Roberto Aguilar","1","780","0","","0","","efectivo","","25/03/2026"
"128","","7066","9","Dije Oro Letra Inicial","5","Roberto Aguilar","2","3000","0","","0","","efectivo","","25/03/2026"
"129","","7067","15","Set Aretes Collar Cuarzo Rosa","5","Roberto Aguilar","1","2200","1","6 km","0","","tarjeta","","25/03/2026"
"130","","7067","6","Collar Plata Dije Corazon","5","Roberto Aguilar","2","1780","1","6 km","0","","tarjeta","","25/03/2026"
"131","","7068","6","Collar Plata Dije Corazon","4","Patricia Solis","2","1780","0","","0","","efectivo","","26/03/2026"
"132","","7069","12","Cadena Plata 60cm Snake","3","Andrea Vargas","2","2200","0","","0","","tarjeta","","26/03/2026"
"133","","7069","9","Dije Oro Letra Inicial","3","Andrea Vargas","2","3000","0","","0","","tarjeta","","26/03/2026"
"134","","7070","9","Dije Oro Letra Inicial","3","Andrea Vargas","2","3000","0","","0","","efectivo","","26/03/2026"
"135","","7070","15","Set Aretes Collar Cuarzo Rosa","3","Andrea Vargas","2","4400","0","","0","","efectivo","","26/03/2026"
"136","","7070","11","Cadena Oro 50cm Barbada","3","Andrea Vargas","2","10400","0","","0","","efectivo","","26/03/2026"
"137","","7071","1","Anillo Oro 14k Solitario","5","Roberto Aguilar","1","4800","0","","0","","tarjeta","","27/03/2026"
"138","","7072","4","Aretes Plata Perla Natural","2","Sofia Mendez","1","1200","0","","0","","tarjeta","","28/03/2026"
"139","","7072","13","Anillo Compromiso Diamante","2","Sofia Mendez","2","37000","0","","0","","tarjeta","","28/03/2026"
"140","","7073","13","Anillo Compromiso Diamante","3","Andrea Vargas","2","37000","0","","0","","tarjeta","","28/03/2026"
"141","","7073","1","Anillo Oro 14k Solitario","3","Andrea Vargas","1","4800","0","","0","","tarjeta","","28/03/2026"
"142","","7073","14","Esclava Plata Personalizada","3","Andrea Vargas","2","2900","0","","0","","tarjeta","","28/03/2026"
"143","","7074","13","Anillo Compromiso Diamante","2","Sofia Mendez","2","37000","0","","0","","transferencia","","28/03/2026"
"144","","7074","2","Anillo Plata 925 Infinito","2","Sofia Mendez","2","1900","0","","0","","transferencia","","28/03/2026"
"145","","7074","14","Esclava Plata Personalizada","2","Sofia Mendez","1","1450","0","","0","","transferencia","","28/03/2026"
"146","","7075","9","Dije Oro Letra Inicial","4","Patricia Solis","1","1500","0","","0","","tarjeta","","28/03/2026"
"147","","7076","4","Aretes Plata Perla Natural","4","Patricia Solis","2","2400","1","10 km","0","","efectivo","","29/03/2026"
"148","","7076","1","Anillo Oro 14k Solitario","4","Patricia Solis","1","4800","1","10 km","0","","efectivo","","29/03/2026"
"149","","7076","7","Pulsera Oro Eslabon Cubano","4","Patricia Solis","2","8400","1","10 km","0","","efectivo","","29/03/2026"
"150","","7077","8","Pulsera Plata Tejido Cuerda","2","Sofia Mendez","2","1560","0","","0","","transferencia","","29/03/2026"
"151","","7078","12","Cadena Plata 60cm Snake","2","Sofia Mendez","1","1100","0","","0","","tarjeta","","30/03/2026"
"152","","7078","14","Esclava Plata Personalizada","2","Sofia Mendez","1","1450","0","","0","","tarjeta","","30/03/2026"
"153","","7079","13","Anillo Compromiso Diamante","2","Sofia Mendez","1","18500","0","","0","","efectivo","","31/03/2026"
"154","","7079","5","Collar Oro Cadena Veneciana","2","Sofia Mendez","2","7200","0","","0","","efectivo","","31/03/2026"
"155","","7080","1","Anillo Oro 14k Solitario","5","Roberto Aguilar","2","9600","0","","0","","efectivo","","31/03/2026"
"156","","7080","10","Dije Plata Cruz Catolica","5","Roberto Aguilar","1","520","0","","0","","efectivo","","31/03/2026"
"157","","7080","3","Aretes Oro Argolla Pequena","5","Roberto Aguilar","1","1800","0","","0","","efectivo","","31/03/2026"
"158","","7081","15","Set Aretes Collar Cuarzo Rosa","4","Patricia Solis","1","2200","0","","0","","efectivo","","01/04/2026"
"159","","7081","12","Cadena Plata 60cm Snake","4","Patricia Solis","1","1100","0","","0","","efectivo","","01/04/2026"
"160","","7082","5","Collar Oro Cadena Veneciana","5","Roberto Aguilar","1","3600","0","","0","","transferencia","","01/04/2026"
"161","","7083","5","Collar Oro Cadena Veneciana","2","Sofia Mendez","1","3600","0","","0","","transferencia","","01/04/2026"
"162","","7084","13","Anillo Compromiso Diamante","4","Patricia Solis","2","37000","1","10 km","0","","tarjeta","","01/04/2026"
"163","","7084","14","Esclava Plata Personalizada","4","Patricia Solis","1","1450","1","10 km","0","","tarjeta","","01/04/2026"
"164","","7085","15","Set Aretes Collar Cuarzo Rosa","5","Roberto Aguilar","2","4400","0","","0","","tarjeta","","02/04/2026"
"165","","7085","8","Pulsera Plata Tejido Cuerda","5","Roberto Aguilar","1","780","0","","0","","tarjeta","","02/04/2026"
"166","","7085","1","Anillo Oro 14k Solitario","5","Roberto Aguilar","2","9600","0","","0","","tarjeta","","02/04/2026"
"167","","7086","5","Collar Oro Cadena Veneciana","3","Andrea Vargas","2","7200","0","","0","","efectivo","","02/04/2026"
"168","","7087","1","Anillo Oro 14k Solitario","4","Patricia Solis","1","4800","0","","0","","transferencia","","02/04/2026"
"169","","7087","5","Collar Oro Cadena Veneciana","4","Patricia Solis","1","3600","0","","0","","transferencia","","02/04/2026"
"170","","7087","12","Cadena Plata 60cm Snake","4","Patricia Solis","1","1100","0","","0","","transferencia","","02/04/2026"
"171","","7088","8","Pulsera Plata Tejido Cuerda","4","Patricia Solis","2","1560","0","","0","","tarjeta","","03/04/2026"
"172","","7088","13","Anillo Compromiso Diamante","4","Patricia Solis","1","18500","0","","0","","tarjeta","","03/04/2026"
"173","","7088","7","Pulsera Oro Eslabon Cubano","4","Patricia Solis","1","4200","0","","0","","tarjeta","","03/04/2026"
"174","","7089","13","Anillo Compromiso Diamante","3","Andrea Vargas","1","18500","0","","0","","transferencia","","03/04/2026"
"175","","7089","3","Aretes Oro Argolla Pequena","3","Andrea Vargas","1","1800","0","","0","","transferencia","","03/04/2026"
"176","","7089","10","Dije Plata Cruz Catolica","3","Andrea Vargas","2","1040","0","","0","","transferencia","","03/04/2026"
"177","","7090","7","Pulsera Oro Eslabon Cubano","2","Sofia Mendez","1","4200","0","","0","","efectivo","","03/04/2026"
"178","","7091","2","Anillo Plata 925 Infinito","4","Patricia Solis","2","1900","1","4 km","0","","efectivo","","03/04/2026"
"179","","7092","7","Pulsera Oro Eslabon Cubano","5","Roberto Aguilar","1","4200","0","","0","","efectivo","","04/04/2026"
"180","","7093","5","Collar Oro Cadena Veneciana","4","Patricia Solis","2","7200","0","","0","","transferencia","","04/04/2026"
"181","","7093","10","Dije Plata Cruz Catolica","4","Patricia Solis","1","520","0","","0","","transferencia","","04/04/2026"
"182","","7094","3","Aretes Oro Argolla Pequena","4","Patricia Solis","2","3600","0","","0","","efectivo","","05/04/2026"
"183","","7095","9","Dije Oro Letra Inicial","2","Sofia Mendez","2","3000","0","","0","","tarjeta","","05/04/2026"
"184","","7095","4","Aretes Plata Perla Natural","2","Sofia Mendez","1","1200","0","","0","","tarjeta","","05/04/2026"
"185","","7095","11","Cadena Oro 50cm Barbada","2","Sofia Mendez","2","10400","0","","0","","tarjeta","","05/04/2026"
"186","","7096","4","Aretes Plata Perla Natural","2","Sofia Mendez","1","1200","0","","0","","tarjeta","","06/04/2026"
"187","","7096","2","Anillo Plata 925 Infinito","2","Sofia Mendez","2","1900","0","","0","","tarjeta","","06/04/2026"
"188","","7097","5","Collar Oro Cadena Veneciana","2","Sofia Mendez","1","3600","0","","0","","efectivo","","07/04/2026"
"189","","7097","13","Anillo Compromiso Diamante","2","Sofia Mendez","1","18500","0","","0","","efectivo","","07/04/2026"
"190","","7097","14","Esclava Plata Personalizada","2","Sofia Mendez","2","2900","0","","0","","efectivo","","07/04/2026"
"191","","7098","1","Anillo Oro 14k Solitario","3","Andrea Vargas","2","9600","1","6 km","0","","transferencia","","07/04/2026"
"192","","7099","6","Collar Plata Dije Corazon","4","Patricia Solis","2","1780","0","","0","","efectivo","","07/04/2026"
"193","","7099","3","Aretes Oro Argolla Pequena","4","Patricia Solis","1","1800","0","","0","","efectivo","","07/04/2026"
"194","","7099","10","Dije Plata Cruz Catolica","4","Patricia Solis","2","1040","0","","0","","efectivo","","07/04/2026"
"195","","7100","11","Cadena Oro 50cm Barbada","3","Andrea Vargas","2","10400","1","5 km","0","","efectivo","","07/04/2026"
"196","","7100","9","Dije Oro Letra Inicial","3","Andrea Vargas","2","3000","1","5 km","0","","efectivo","","07/04/2026"
"197","","7101","1","Anillo Oro 14k Solitario","4","Patricia Solis","1","4800","0","","0","","tarjeta","","08/04/2026"
"198","","7101","5","Collar Oro Cadena Veneciana","4","Patricia Solis","2","7200","0","","0","","tarjeta","","08/04/2026"
"199","","7102","1","Anillo Oro 14k Solitario","5","Roberto Aguilar","2","9600","0","","0","","tarjeta","","08/04/2026"
"200","","7103","3","Aretes Oro Argolla Pequena","2","Sofia Mendez","2","3600","0","","0","","efectivo","","08/04/2026"
"201","","7104","5","Collar Oro Cadena Veneciana","3","Andrea Vargas","1","3600","1","10 km","0","","efectivo","","09/04/2026"
"202","","7104","3","Aretes Oro Argolla Pequena","3","Andrea Vargas","1","1800","1","10 km","0","","efectivo","","09/04/2026"
"203","","7105","1","Anillo Oro 14k Solitario","5","Roberto Aguilar","1","4800","0","","0","","efectivo","","09/04/2026"
"204","","7105","10","Dije Plata Cruz Catolica","5","Roberto Aguilar","1","520","0","","0","","efectivo","","09/04/2026"
"205","","7106","3","Aretes Oro Argolla Pequena","3","Andrea Vargas","2","3600","0","","0","","efectivo","","10/04/2026"
"206","","7106","10","Dije Plata Cruz Catolica","3","Andrea Vargas","2","1040","0","","0","","efectivo","","10/04/2026"
"207","","7107","4","Aretes Plata Perla Natural","3","Andrea Vargas","2","2400","0","","0","","efectivo","","10/04/2026"
"208","","7108","8","Pulsera Plata Tejido Cuerda","4","Patricia Solis","2","1560","0","","0","","tarjeta","","11/04/2026"
"209","","7108","9","Dije Oro Letra Inicial","4","Patricia Solis","2","3000","0","","0","","tarjeta","","11/04/2026"
"210","","7108","11","Cadena Oro 50cm Barbada","4","Patricia Solis","2","10400","0","","0","","tarjeta","","11/04/2026"
"211","","7109","1","Anillo Oro 14k Solitario","2","Sofia Mendez","2","9600","0","","0","","efectivo","","11/04/2026"
"212","","7110","13","Anillo Compromiso Diamante","5","Roberto Aguilar","2","37000","1","5 km","0","","tarjeta","","11/04/2026"
"213","","7111","9","Dije Oro Letra Inicial","2","Sofia Mendez","2","3000","0","","0","","efectivo","","11/04/2026"
"214","","7111","15","Set Aretes Collar Cuarzo Rosa","2","Sofia Mendez","1","2200","0","","0","","efectivo","","11/04/2026"
"215","","7112","13","Anillo Compromiso Diamante","2","Sofia Mendez","1","18500","0","","0","","efectivo","","12/04/2026"
"216","","7112","3","Aretes Oro Argolla Pequena","2","Sofia Mendez","2","3600","0","","0","","efectivo","","12/04/2026"
"217","","7112","1","Anillo Oro 14k Solitario","2","Sofia Mendez","2","9600","0","","0","","efectivo","","12/04/2026"
"218","","7113","13","Anillo Compromiso Diamante","2","Sofia Mendez","2","37000","0","","0","","transferencia","","12/04/2026"
"219","","7113","12","Cadena Plata 60cm Snake","2","Sofia Mendez","2","2200","0","","0","","transferencia","","12/04/2026"
"220","","7113","4","Aretes Plata Perla Natural","2","Sofia Mendez","2","2400","0","","0","","transferencia","","12/04/2026"
"221","","7114","9","Dije Oro Letra Inicial","3","Andrea Vargas","2","3000","0","","0","","efectivo","","12/04/2026"
"222","","7114","8","Pulsera Plata Tejido Cuerda","3","Andrea Vargas","2","1560","0","","0","","efectivo","","12/04/2026"
"223","","7115","3","Aretes Oro Argolla Pequena","5","Roberto Aguilar","2","3600","0","","0","","tarjeta","","12/04/2026"
"224","","7116","2","Anillo Plata 925 Infinito","2","Sofia Mendez","1","950","0","","0","","transferencia","","13/04/2026"
"225","","7116","13","Anillo Compromiso Diamante","2","Sofia Mendez","2","37000","0","","0","","transferencia","","13/04/2026"
"226","","7117","13","Anillo Compromiso Diamante","5","Roberto Aguilar","1","18500","0","","0","","transferencia","","13/04/2026"
"227","","7117","6","Collar Plata Dije Corazon","5","Roberto Aguilar","2","1780","0","","0","","transferencia","","13/04/2026"
"228","","7117","5","Collar Oro Cadena Veneciana","5","Roberto Aguilar","1","3600","0","","0","","transferencia","","13/04/2026"
"229","","7118","14","Esclava Plata Personalizada","4","Patricia Solis","2","2900","0","","0","","transferencia","","14/04/2026"
"230","","7118","9","Dije Oro Letra Inicial","4","Patricia Solis","1","1500","0","","0","","transferencia","","14/04/2026"
"231","","7119","5","Collar Oro Cadena Veneciana","5","Roberto Aguilar","2","7200","0","","0","","tarjeta","","15/04/2026"
"232","","7120","11","Cadena Oro 50cm Barbada","2","Sofia Mendez","2","10400","0","","0","","efectivo","","15/04/2026"
"233","","7120","1","Anillo Oro 14k Solitario","2","Sofia Mendez","1","4800","0","","0","","efectivo","","15/04/2026"
"234","","7120","14","Esclava Plata Personalizada","2","Sofia Mendez","2","2900","0","","0","","efectivo","","15/04/2026"
"235","","7121","6","Collar Plata Dije Corazon","5","Roberto Aguilar","1","890","1","6 km","0","","tarjeta","","16/04/2026"
"236","","7122","3","Aretes Oro Argolla Pequena","4","Patricia Solis","2","3600","0","","0","","tarjeta","","16/04/2026"
"237","","7122","14","Esclava Plata Personalizada","4","Patricia Solis","2","2900","0","","0","","tarjeta","","16/04/2026"
"238","","7122","11","Cadena Oro 50cm Barbada","4","Patricia Solis","2","10400","0","","0","","tarjeta","","16/04/2026"
"239","","7123","1","Anillo Oro 14k Solitario","2","Sofia Mendez","1","4800","1","5 km","0","","efectivo","","17/04/2026"
"240","","7124","10","Dije Plata Cruz Catolica","3","Andrea Vargas","2","1040","0","","0","","tarjeta","","17/04/2026"
"241","","7125","5","Collar Oro Cadena Veneciana","2","Sofia Mendez","2","7200","0","","0","","tarjeta","","18/04/2026"
"242","","7126","12","Cadena Plata 60cm Snake","5","Roberto Aguilar","1","1100","0","","0","","tarjeta","","18/04/2026"
"243","","7127","6","Collar Plata Dije Corazon","4","Patricia Solis","2","1780","0","","0","","efectivo","","18/04/2026"
"244","","7128","15","Set Aretes Collar Cuarzo Rosa","2","Sofia Mendez","1","2200","0","","0","","tarjeta","","19/04/2026"
"245","","7128","4","Aretes Plata Perla Natural","2","Sofia Mendez","1","1200","0","","0","","tarjeta","","19/04/2026"
"246","","7128","2","Anillo Plata 925 Infinito","2","Sofia Mendez","2","1900","0","","0","","tarjeta","","19/04/2026"
"247","","7129","6","Collar Plata Dije Corazon","3","Andrea Vargas","2","1780","0","","0","","tarjeta","","19/04/2026"
"248","","7129","10","Dije Plata Cruz Catolica","3","Andrea Vargas","1","520","0","","0","","tarjeta","","19/04/2026"
"249","","7130","12","Cadena Plata 60cm Snake","4","Patricia Solis","1","1100","0","","0","","tarjeta","","19/04/2026"
"250","","7130","4","Aretes Plata Perla Natural","4","Patricia Solis","1","1200","0","","0","","tarjeta","","19/04/2026"
"251","","7131","2","Anillo Plata 925 Infinito","3","Andrea Vargas","1","950","0","","0","","transferencia","","20/04/2026"
"252","","7132","2","Anillo Plata 925 Infinito","2","Sofia Mendez","1","950","0","","0","","efectivo","","21/04/2026"
"253","","7132","12","Cadena Plata 60cm Snake","2","Sofia Mendez","2","2200","0","","0","","efectivo","","21/04/2026"
"254","","7132","1","Anillo Oro 14k Solitario","2","Sofia Mendez","1","4800","0","","0","","efectivo","","21/04/2026"
"255","","7133","2","Anillo Plata 925 Infinito","2","Sofia Mendez","2","1900","0","","0","","efectivo","","22/04/2026"
"256","","7134","3","Aretes Oro Argolla Pequena","2","Sofia Mendez","2","3600","0","","0","","tarjeta","","22/04/2026"
"257","","7135","15","Set Aretes Collar Cuarzo Rosa","2","Sofia Mendez","2","4400","0","","0","","transferencia","","23/04/2026"
"258","","7135","5","Collar Oro Cadena Veneciana","2","Sofia Mendez","2","7200","0","","0","","transferencia","","23/04/2026"
"259","","7136","1","Anillo Oro 14k Solitario","2","Sofia Mendez","1","4800","0","","0","","transferencia","","23/04/2026"
"260","","7136","7","Pulsera Oro Eslabon Cubano","2","Sofia Mendez","1","4200","0","","0","","transferencia","","23/04/2026"
"261","","7137","7","Pulsera Oro Eslabon Cubano","2","Sofia Mendez","2","8400","0","","0","","efectivo","","23/04/2026"
"262","","7138","12","Cadena Plata 60cm Snake","3","Andrea Vargas","1","1100","0","","0","","tarjeta","","24/04/2026"
"263","","7138","13","Anillo Compromiso Diamante","3","Andrea Vargas","2","37000","0","","0","","tarjeta","","24/04/2026"
"264","","7139","3","Aretes Oro Argolla Pequena","2","Sofia Mendez","1","1800","0","","0","","tarjeta","","25/04/2026"
"265","","7139","2","Anillo Plata 925 Infinito","2","Sofia Mendez","2","1900","0","","0","","tarjeta","","25/04/2026"
"266","","7140","7","Pulsera Oro Eslabon Cubano","5","Roberto Aguilar","1","4200","0","","0","","efectivo","","25/04/2026"
"267","","7141","15","Set Aretes Collar Cuarzo Rosa","3","Andrea Vargas","1","2200","0","","0","","tarjeta","","26/04/2026"
"268","","7141","9","Dije Oro Letra Inicial","3","Andrea Vargas","1","1500","0","","0","","tarjeta","","26/04/2026"
"269","","7142","6","Collar Plata Dije Corazon","5","Roberto Aguilar","2","1780","0","","0","","efectivo","","26/04/2026"
"270","","7142","9","Dije Oro Letra Inicial","5","Roberto Aguilar","2","3000","0","","0","","efectivo","","26/04/2026"
"271","","7142","3","Aretes Oro Argolla Pequena","5","Roberto Aguilar","1","1800","0","","0","","efectivo","","26/04/2026"
"272","","7143","8","Pulsera Plata Tejido Cuerda","3","Andrea Vargas","1","780","0","","0","","efectivo","","26/04/2026"
"273","","7143","11","Cadena Oro 50cm Barbada","3","Andrea Vargas","1","5200","0","","0","","efectivo","","26/04/2026"
"274","","7144","9","Dije Oro Letra Inicial","3","Andrea Vargas","1","1500","0","","0","","transferencia","","27/04/2026"
"275","","7144","6","Collar Plata Dije Corazon","3","Andrea Vargas","1","890","0","","0","","transferencia","","27/04/2026"
"276","","7144","3","Aretes Oro Argolla Pequena","3","Andrea Vargas","1","1800","0","","0","","transferencia","","27/04/2026"
"277","","7145","3","Aretes Oro Argolla Pequena","4","Patricia Solis","1","1800","0","","0","","transferencia","","27/04/2026"
"278","","7145","15","Set Aretes Collar Cuarzo Rosa","4","Patricia Solis","2","4400","0","","0","","transferencia","","27/04/2026"
"279","","7146","8","Pulsera Plata Tejido Cuerda","2","Sofia Mendez","1","780","0","","0","","tarjeta","","27/04/2026"
"280","","7146","1","Anillo Oro 14k Solitario","2","Sofia Mendez","2","9600","0","","0","","tarjeta","","27/04/2026"
"281","","7147","5","Collar Oro Cadena Veneciana","5","Roberto Aguilar","2","7200","0","","0","","efectivo","","28/04/2026"
"282","","7148","3","Aretes Oro Argolla Pequena","5","Roberto Aguilar","2","3600","0","","0","","tarjeta","","29/04/2026"
"283","","7148","11","Cadena Oro 50cm Barbada","5","Roberto Aguilar","1","5200","0","","0","","tarjeta","","29/04/2026"
"284","","7148","2","Anillo Plata 925 Infinito","5","Roberto Aguilar","2","1900","0","","0","","tarjeta","","29/04/2026"
"285","","7149","14","Esclava Plata Personalizada","5","Roberto Aguilar","1","1450","1","9 km","0","","tarjeta","","29/04/2026"
"286","","7149","7","Pulsera Oro Eslabon Cubano","5","Roberto Aguilar","2","8400","1","9 km","0","","tarjeta","","29/04/2026"
"287","","7150","15","Set Aretes Collar Cuarzo Rosa","2","Sofia Mendez","1","2200","0","","0","","transferencia","","30/04/2026"
"288","","7150","2","Anillo Plata 925 Infinito","2","Sofia Mendez","2","1900","0","","0","","transferencia","","30/04/2026"
"289","","7151","8","Pulsera Plata Tejido Cuerda","5","Roberto Aguilar","2","1560","1","8 km","0","","efectivo","","30/04/2026"
"290","","7151","9","Dije Oro Letra Inicial","5","Roberto Aguilar","2","3000","1","8 km","0","","efectivo","","30/04/2026"
"291","","7151","4","Aretes Plata Perla Natural","5","Roberto Aguilar","1","1200","1","8 km","0","","efectivo","","30/04/2026"
"292","","7152","9","Dije Oro Letra Inicial","2","Sofia Mendez","2","3000","0","","0","","efectivo","","30/04/2026"
"293","","7152","13","Anillo Compromiso Diamante","2","Sofia Mendez","2","37000","0","","0","","efectivo","","30/04/2026"
"294","","7153","1","Anillo Oro 14k Solitario","2","Sofia Mendez","2","9600","0","","0","","tarjeta","","30/04/2026"
"295","","7154","12","Cadena Plata 60cm Snake","3","Andrea Vargas","1","1100","0","","0","","tarjeta","","01/05/2026"
"296","","7154","7","Pulsera Oro Eslabon Cubano","3","Andrea Vargas","1","4200","0","","0","","tarjeta","","01/05/2026"
"297","","7155","9","Dije Oro Letra Inicial","3","Andrea Vargas","2","3000","0","","0","","transferencia","","01/05/2026"
"298","","7155","12","Cadena Plata 60cm Snake","3","Andrea Vargas","1","1100","0","","0","","transferencia","","01/05/2026"
"299","","7155","4","Aretes Plata Perla Natural","3","Andrea Vargas","2","2400","0","","0","","transferencia","","01/05/2026"
"300","","7156","12","Cadena Plata 60cm Snake","4","Patricia Solis","2","2200","0","","0","","tarjeta","","02/05/2026"
"301","","7156","7","Pulsera Oro Eslabon Cubano","4","Patricia Solis","2","8400","0","","0","","tarjeta","","02/05/2026"
"302","","7157","5","Collar Oro Cadena Veneciana","5","Roberto Aguilar","2","7200","0","","0","","tarjeta","","02/05/2026"
"303","","7157","6","Collar Plata Dije Corazon","5","Roberto Aguilar","1","890","0","","0","","tarjeta","","02/05/2026"
"304","","7157","8","Pulsera Plata Tejido Cuerda","5","Roberto Aguilar","2","1560","0","","0","","tarjeta","","02/05/2026"
"305","","7158","14","Esclava Plata Personalizada","4","Patricia Solis","1","1450","0","","0","","tarjeta","","03/05/2026"
"306","","7159","11","Cadena Oro 50cm Barbada","4","Patricia Solis","1","5200","0","","0","","transferencia","","04/05/2026"
"307","","7160","6","Collar Plata Dije Corazon","3","Andrea Vargas","1","890","0","","0","","tarjeta","","04/05/2026"
"308","","7160","13","Anillo Compromiso Diamante","3","Andrea Vargas","2","37000","0","","0","","tarjeta","","04/05/2026"
"309","","7161","4","Aretes Plata Perla Natural","5","Roberto Aguilar","1","1200","0","","0","","efectivo","","05/05/2026"
"310","","7161","9","Dije Oro Letra Inicial","5","Roberto Aguilar","1","1500","0","","0","","efectivo","","05/05/2026"
"311","","7161","2","Anillo Plata 925 Infinito","5","Roberto Aguilar","2","1900","0","","0","","efectivo","","05/05/2026"
"312","","7162","1","Anillo Oro 14k Solitario","3","Andrea Vargas","1","4800","0","","0","","tarjeta","","05/05/2026"
"313","","7162","8","Pulsera Plata Tejido Cuerda","3","Andrea Vargas","1","780","0","","0","","tarjeta","","05/05/2026"
"314","","7162","14","Esclava Plata Personalizada","3","Andrea Vargas","2","2900","0","","0","","tarjeta","","05/05/2026"
"315","","7163","10","Dije Plata Cruz Catolica","4","Patricia Solis","1","520","0","","0","","tarjeta","","05/05/2026"
"316","","7163","8","Pulsera Plata Tejido Cuerda","4","Patricia Solis","1","780","0","","0","","tarjeta","","05/05/2026"
"317","","7163","11","Cadena Oro 50cm Barbada","4","Patricia Solis","2","10400","0","","0","","tarjeta","","05/05/2026"
"318","","7164","10","Dije Plata Cruz Catolica","2","Sofia Mendez","2","1040","0","","0","","transferencia","","05/05/2026"
"319","","7165","4","Aretes Plata Perla Natural","5","Roberto Aguilar","2","2400","0","","0","","tarjeta","","06/05/2026"
"320","","7166","7","Pulsera Oro Eslabon Cubano","5","Roberto Aguilar","2","8400","0","","0","","transferencia","","06/05/2026"
"321","","7166","6","Collar Plata Dije Corazon","5","Roberto Aguilar","2","1780","0","","0","","transferencia","","06/05/2026"
"322","","7167","5","Collar Oro Cadena Veneciana","4","Patricia Solis","1","3600","0","","0","","tarjeta","","07/05/2026"
"323","","7167","14","Esclava Plata Personalizada","4","Patricia Solis","2","2900","0","","0","","tarjeta","","07/05/2026"
"324","","7167","9","Dije Oro Letra Inicial","4","Patricia Solis","2","3000","0","","0","","tarjeta","","07/05/2026"
"325","","7168","11","Cadena Oro 50cm Barbada","2","Sofia Mendez","1","5200","0","","0","","tarjeta","","07/05/2026"
"326","","7168","2","Anillo Plata 925 Infinito","2","Sofia Mendez","2","1900","0","","0","","tarjeta","","07/05/2026"
"327","","7168","13","Anillo Compromiso Diamante","2","Sofia Mendez","2","37000","0","","0","","tarjeta","","07/05/2026"
"328","","7169","1","Anillo Oro 14k Solitario","3","Andrea Vargas","2","9600","0","","0","","tarjeta","","07/05/2026"
"329","","7170","1","Anillo Oro 14k Solitario","5","Roberto Aguilar","1","4800","1","5 km","0","","tarjeta","","08/05/2026"
"330","","7171","13","Anillo Compromiso Diamante","4","Patricia Solis","2","37000","0","","0","","efectivo","","09/05/2026"
"331","","7172","1","Anillo Oro 14k Solitario","2","Sofia Mendez","1","4800","0","","0","","tarjeta","","09/05/2026"
"332","","7172","7","Pulsera Oro Eslabon Cubano","2","Sofia Mendez","2","8400","0","","0","","tarjeta","","09/05/2026"
"333","","7173","2","Anillo Plata 925 Infinito","5","Roberto Aguilar","2","1900","0","","0","","efectivo","","09/05/2026"
"334","","7173","1","Anillo Oro 14k Solitario","5","Roberto Aguilar","1","4800","0","","0","","efectivo","","09/05/2026"
"335","","7174","15","Set Aretes Collar Cuarzo Rosa","3","Andrea Vargas","1","2200","0","","0","","efectivo","","10/05/2026"
"336","","7175","14","Esclava Plata Personalizada","2","Sofia Mendez","1","1450","0","","0","","tarjeta","","10/05/2026"
"337","","7176","12","Cadena Plata 60cm Snake","4","Patricia Solis","2","2200","0","","0","","tarjeta","","10/05/2026"
"338","","7176","3","Aretes Oro Argolla Pequena","4","Patricia Solis","2","3600","0","","0","","tarjeta","","10/05/2026"
"339","","7176","1","Anillo Oro 14k Solitario","4","Patricia Solis","2","9600","0","","0","","tarjeta","","10/05/2026"
"340","","7177","1","Anillo Oro 14k Solitario","2","Sofia Mendez","1","4800","1","7 km","0","","efectivo","","10/05/2026"
"341","","7177","15","Set Aretes Collar Cuarzo Rosa","2","Sofia Mendez","2","4400","1","7 km","0","","efectivo","","10/05/2026"
"342","","7177","14","Esclava Plata Personalizada","2","Sofia Mendez","1","1450","1","7 km","0","","efectivo","","10/05/2026"
"343","","7178","12","Cadena Plata 60cm Snake","3","Andrea Vargas","1","1100","0","","0","","tarjeta","","11/05/2026"
"344","","7178","8","Pulsera Plata Tejido Cuerda","3","Andrea Vargas","2","1560","0","","0","","tarjeta","","11/05/2026"
"345","","7178","14","Esclava Plata Personalizada","3","Andrea Vargas","2","2900","0","","0","","tarjeta","","11/05/2026"
"346","","7179","5","Collar Oro Cadena Veneciana","4","Patricia Solis","2","7200","0","","0","","transferencia","","11/05/2026"
"347","","7179","13","Anillo Compromiso Diamante","4","Patricia Solis","1","18500","0","","0","","transferencia","","11/05/2026"
"348","","7180","14","Esclava Plata Personalizada","5","Roberto Aguilar","1","1450","0","","0","","tarjeta","","11/05/2026"
"349","","7180","5","Collar Oro Cadena Veneciana","5","Roberto Aguilar","2","7200","0","","0","","tarjeta","","11/05/2026"
"350","","7180","10","Dije Plata Cruz Catolica","5","Roberto Aguilar","2","1040","0","","0","","tarjeta","","11/05/2026"
"351","","7181","5","Collar Oro Cadena Veneciana","3","Andrea Vargas","1","3600","0","","0","","efectivo","","12/05/2026"
"352","","7181","7","Pulsera Oro Eslabon Cubano","3","Andrea Vargas","1","4200","0","","0","","efectivo","","12/05/2026"
"353","","7182","11","Cadena Oro 50cm Barbada","4","Patricia Solis","2","10400","1","11 km","0","","efectivo","","12/05/2026"
"354","","7182","13","Anillo Compromiso Diamante","4","Patricia Solis","1","18500","1","11 km","0","","efectivo","","12/05/2026"
"355","","7182","8","Pulsera Plata Tejido Cuerda","4","Patricia Solis","1","780","1","11 km","0","","efectivo","","12/05/2026"
"356","","7183","1","Anillo Oro 14k Solitario","5","Roberto Aguilar","1","4800","0","","0","","tarjeta","","12/05/2026"
"357","","7183","11","Cadena Oro 50cm Barbada","5","Roberto Aguilar","2","10400","0","","0","","tarjeta","","12/05/2026"
"358","","7183","7","Pulsera Oro Eslabon Cubano","5","Roberto Aguilar","2","8400","0","","0","","tarjeta","","12/05/2026"
"359","","7184","4","Aretes Plata Perla Natural","5","Roberto Aguilar","2","2400","0","","0","","efectivo","","13/05/2026"
"360","","7185","10","Dije Plata Cruz Catolica","3","Andrea Vargas","2","1040","1","7 km","0","","tarjeta","","13/05/2026"
"361","","7185","4","Aretes Plata Perla Natural","3","Andrea Vargas","2","2400","1","7 km","0","","tarjeta","","13/05/2026"
"362","","7185","14","Esclava Plata Personalizada","3","Andrea Vargas","1","1450","1","7 km","0","","tarjeta","","13/05/2026"
"363","","7186","15","Set Aretes Collar Cuarzo Rosa","5","Roberto Aguilar","2","4400","0","","0","","transferencia","","13/05/2026"
"364","","7187","10","Dije Plata Cruz Catolica","4","Patricia Solis","1","520","0","","0","","transferencia","","14/05/2026"
"365","","7187","1","Anillo Oro 14k Solitario","4","Patricia Solis","1","4800","0","","0","","transferencia","","14/05/2026"
"366","","7188","10","Dije Plata Cruz Catolica","4","Patricia Solis","1","520","1","10 km","0","","tarjeta","","14/05/2026"
"367","","7188","4","Aretes Plata Perla Natural","4","Patricia Solis","2","2400","1","10 km","0","","tarjeta","","14/05/2026"
"368","","7188","5","Collar Oro Cadena Veneciana","4","Patricia Solis","1","3600","1","10 km","0","","tarjeta","","14/05/2026"
"369","","7189","7","Pulsera Oro Eslabon Cubano","2","Sofia Mendez","2","8400","1","11 km","0","","efectivo","","15/05/2026"
"370","","7190","14","Esclava Plata Personalizada","5","Roberto Aguilar","2","2900","0","","0","","efectivo","","15/05/2026"
"371","","7191","9","Dije Oro Letra Inicial","5","Roberto Aguilar","1","1500","0","","0","","tarjeta","","16/05/2026"
"372","","7191","7","Pulsera Oro Eslabon Cubano","5","Roberto Aguilar","1","4200","0","","0","","tarjeta","","16/05/2026"
"373","","7191","3","Aretes Oro Argolla Pequena","5","Roberto Aguilar","1","1800","0","","0","","tarjeta","","16/05/2026"
"374","","7192","15","Set Aretes Collar Cuarzo Rosa","2","Sofia Mendez","2","4400","0","","0","","efectivo","","17/05/2026"
"375","","7193","3","Aretes Oro Argolla Pequena","4","Patricia Solis","2","3600","0","","0","","efectivo","","17/05/2026"
"376","","7194","6","Collar Plata Dije Corazon","4","Patricia Solis","2","1780","1","10 km","0","","tarjeta","","17/05/2026"
"377","","7194","15","Set Aretes Collar Cuarzo Rosa","4","Patricia Solis","1","2200","1","10 km","0","","tarjeta","","17/05/2026"
"378","","7195","12","Cadena Plata 60cm Snake","2","Sofia Mendez","2","2200","0","","0","","tarjeta","","18/05/2026"
"379","","7195","4","Aretes Plata Perla Natural","2","Sofia Mendez","1","1200","0","","0","","tarjeta","","18/05/2026"
"380","","7196","14","Esclava Plata Personalizada","2","Sofia Mendez","1","1450","0","","0","","tarjeta","","19/05/2026"
"381","","7196","1","Anillo Oro 14k Solitario","2","Sofia Mendez","2","9600","0","","0","","tarjeta","","19/05/2026"
"382","","7197","6","Collar Plata Dije Corazon","3","Andrea Vargas","1","890","0","","0","","efectivo","","20/05/2026"
"383","","7198","5","Collar Oro Cadena Veneciana","5","Roberto Aguilar","2","7200","0","","0","","tarjeta","","20/05/2026"
"384","","7199","5","Collar Oro Cadena Veneciana","5","Roberto Aguilar","1","3600","0","","0","","efectivo","","20/05/2026"
"385","","7200","8","Pulsera Plata Tejido Cuerda","2","Sofia Mendez","2","1560","0","","0","","transferencia","","21/05/2026"
"386","","7200","14","Esclava Plata Personalizada","2","Sofia Mendez","1","1450","0","","0","","transferencia","","21/05/2026"
"387","","7200","5","Collar Oro Cadena Veneciana","2","Sofia Mendez","1","3600","0","","0","","transferencia","","21/05/2026"
"388","","7201","5","Collar Oro Cadena Veneciana","3","Andrea Vargas","1","3600","0","","0","","efectivo","","21/05/2026"
"389","","7201","7","Pulsera Oro Eslabon Cubano","3","Andrea Vargas","2","8400","0","","0","","efectivo","","21/05/2026"
"390","","7202","1","Anillo Oro 14k Solitario","4","Patricia Solis","2","9600","0","","0","","tarjeta","","22/05/2026"
"391","","7202","13","Anillo Compromiso Diamante","4","Patricia Solis","1","18500","0","","0","","tarjeta","","22/05/2026"
"392","","7203","3","Aretes Oro Argolla Pequena","3","Andrea Vargas","1","1800","0","","0","","tarjeta","","22/05/2026"
"393","","7203","15","Set Aretes Collar Cuarzo Rosa","3","Andrea Vargas","2","4400","0","","0","","tarjeta","","22/05/2026"
"394","","7203","14","Esclava Plata Personalizada","3","Andrea Vargas","2","2900","0","","0","","tarjeta","","22/05/2026"
"395","","7204","10","Dije Plata Cruz Catolica","3","Andrea Vargas","2","1040","0","","0","","efectivo","","23/05/2026"
"396","","7205","13","Anillo Compromiso Diamante","4","Patricia Solis","2","37000","1","9 km","0","","tarjeta","","23/05/2026"
"397","","7205","6","Collar Plata Dije Corazon","4","Patricia Solis","1","890","1","9 km","0","","tarjeta","","23/05/2026"
"398","","7205","14","Esclava Plata Personalizada","4","Patricia Solis","1","1450","1","9 km","0","","tarjeta","","23/05/2026"
"399","","7206","12","Cadena Plata 60cm Snake","4","Patricia Solis","2","2200","0","","0","","efectivo","","24/05/2026"
"400","","7207","12","Cadena Plata 60cm Snake","4","Patricia Solis","1","1100","0","","0","","tarjeta","","25/05/2026"
"401","","7207","4","Aretes Plata Perla Natural","4","Patricia Solis","2","2400","0","","0","","tarjeta","","25/05/2026"
"402","","7208","13","Anillo Compromiso Diamante","2","Sofia Mendez","1","18500","0","","0","","tarjeta","","26/05/2026"
"403","","7208","9","Dije Oro Letra Inicial","2","Sofia Mendez","1","1500","0","","0","","tarjeta","","26/05/2026"
"404","","7208","3","Aretes Oro Argolla Pequena","2","Sofia Mendez","1","1800","0","","0","","tarjeta","","26/05/2026"
"405","","7209","14","Esclava Plata Personalizada","2","Sofia Mendez","2","2900","0","","0","","tarjeta","","27/05/2026"
"406","","7209","1","Anillo Oro 14k Solitario","2","Sofia Mendez","1","4800","0","","0","","tarjeta","","27/05/2026"
"407","","7209","15","Set Aretes Collar Cuarzo Rosa","2","Sofia Mendez","2","4400","0","","0","","tarjeta","","27/05/2026"
"408","","7210","14","Esclava Plata Personalizada","3","Andrea Vargas","2","2900","0","","0","","efectivo","","27/05/2026"
"409","","7210","2","Anillo Plata 925 Infinito","3","Andrea Vargas","1","950","0","","0","","efectivo","","27/05/2026"
"410","","7211","7","Pulsera Oro Eslabon Cubano","3","Andrea Vargas","2","8400","0","","0","","efectivo","","27/05/2026"
"411","","7212","11","Cadena Oro 50cm Barbada","5","Roberto Aguilar","1","5200","0","","0","","tarjeta","","28/05/2026"
"412","","7213","13","Anillo Compromiso Diamante","4","Patricia Solis","2","37000","0","","0","","transferencia","","28/05/2026"
"413","","7214","1","Anillo Oro 14k Solitario","3","Andrea Vargas","1","4800","0","","0","","transferencia","","29/05/2026"
"414","","7214","6","Collar Plata Dije Corazon","3","Andrea Vargas","2","1780","0","","0","","transferencia","","29/05/2026"
"415","","7214","9","Dije Oro Letra Inicial","3","Andrea Vargas","1","1500","0","","0","","transferencia","","29/05/2026"
"416","","7215","6","Collar Plata Dije Corazon","5","Roberto Aguilar","1","890","0","","0","","tarjeta","","29/05/2026"
"417","","7216","13","Anillo Compromiso Diamante","2","Sofia Mendez","2","37000","1","12 km","0","","efectivo","","29/05/2026"
"418","","7216","8","Pulsera Plata Tejido Cuerda","2","Sofia Mendez","1","780","1","12 km","0","","efectivo","","29/05/2026"
"419","","7217","2","Anillo Plata 925 Infinito","2","Sofia Mendez","1","950","0","","0","","tarjeta","","29/05/2026"
"420","","7217","9","Dije Oro Letra Inicial","2","Sofia Mendez","2","3000","0","","0","","tarjeta","","29/05/2026"
"421","","7218","1","Anillo Oro 14k Solitario","4","Patricia Solis","1","4800","0","","0","","efectivo","","30/05/2026"
"422","","7219","9","Dije Oro Letra Inicial","3","Andrea Vargas","2","3000","0","","0","","transferencia","","30/05/2026"
"423","","7220","9","Dije Oro Letra Inicial","3","Andrea Vargas","2","3000","0","","0","","tarjeta","","31/05/2026"
"424","","7220","5","Collar Oro Cadena Veneciana","3","Andrea Vargas","2","7200","0","","0","","tarjeta","","31/05/2026"
"425","","7220","8","Pulsera Plata Tejido Cuerda","3","Andrea Vargas","2","1560","0","","0","","tarjeta","","31/05/2026"
"426","","7221","6","Collar Plata Dije Corazon","3","Andrea Vargas","2","1780","0","","0","","tarjeta","","01/06/2026"
"427","","7222","14","Esclava Plata Personalizada","3","Andrea Vargas","2","2900","0","","0","","transferencia","","02/06/2026"
"428","","7223","1","Anillo Oro 14k Solitario","2","Sofia Mendez","2","9600","0","","0","","tarjeta","","02/06/2026"
"429","","7223","13","Anillo Compromiso Diamante","2","Sofia Mendez","2","37000","0","","0","","tarjeta","","02/06/2026"
"430","","7224","7","Pulsera Oro Eslabon Cubano","4","Patricia Solis","2","8400","0","","0","","efectivo","","02/06/2026"
"431","","7224","14","Esclava Plata Personalizada","4","Patricia Solis","2","2900","0","","0","","efectivo","","02/06/2026"
"432","","7224","8","Pulsera Plata Tejido Cuerda","4","Patricia Solis","1","780","0","","0","","efectivo","","02/06/2026"
"433","","7225","2","Anillo Plata 925 Infinito","5","Roberto Aguilar","1","950","0","","0","","transferencia","","03/06/2026"
"434","","7225","12","Cadena Plata 60cm Snake","5","Roberto Aguilar","1","1100","0","","0","","transferencia","","03/06/2026"
"435","","7225","14","Esclava Plata Personalizada","5","Roberto Aguilar","2","2900","0","","0","","transferencia","","03/06/2026"
"436","","7226","7","Pulsera Oro Eslabon Cubano","3","Andrea Vargas","1","4200","0","","0","","tarjeta","","03/06/2026"
"437","","7226","10","Dije Plata Cruz Catolica","3","Andrea Vargas","2","1040","0","","0","","tarjeta","","03/06/2026"
"438","","7227","8","Pulsera Plata Tejido Cuerda","4","Patricia Solis","2","1560","0","","0","","transferencia","","03/06/2026"
"439","","7227","5","Collar Oro Cadena Veneciana","4","Patricia Solis","2","7200","0","","0","","transferencia","","03/06/2026"
"440","","7227","12","Cadena Plata 60cm Snake","4","Patricia Solis","1","1100","0","","0","","transferencia","","03/06/2026"
"441","","7228","5","Collar Oro Cadena Veneciana","4","Patricia Solis","1","3600","0","","0","","tarjeta","","04/06/2026"
"442","","7228","3","Aretes Oro Argolla Pequena","4","Patricia Solis","1","1800","0","","0","","tarjeta","","04/06/2026"
"443","","7229","14","Esclava Plata Personalizada","3","Andrea Vargas","1","1450","0","","0","","transferencia","","04/06/2026"
"444","","7229","10","Dije Plata Cruz Catolica","3","Andrea Vargas","1","520","0","","0","","transferencia","","04/06/2026"
"445","","7230","10","Dije Plata Cruz Catolica","4","Patricia Solis","2","1040","0","","0","","efectivo","","04/06/2026"
"446","","7230","8","Pulsera Plata Tejido Cuerda","4","Patricia Solis","2","1560","0","","0","","efectivo","","04/06/2026"
"447","","7231","6","Collar Plata Dije Corazon","4","Patricia Solis","1","890","0","","0","","tarjeta","","04/06/2026"
"448","","7231","1","Anillo Oro 14k Solitario","4","Patricia Solis","1","4800","0","","0","","tarjeta","","04/06/2026"
"449","","7232","7","Pulsera Oro Eslabon Cubano","3","Andrea Vargas","2","8400","0","","0","","tarjeta","","05/06/2026"
"450","","7232","11","Cadena Oro 50cm Barbada","3","Andrea Vargas","2","10400","0","","0","","tarjeta","","05/06/2026"
"451","","7232","9","Dije Oro Letra Inicial","3","Andrea Vargas","1","1500","0","","0","","tarjeta","","05/06/2026"
"452","","7233","6","Collar Plata Dije Corazon","2","Sofia Mendez","2","1780","0","","0","","transferencia","","05/06/2026"
"453","","7233","15","Set Aretes Collar Cuarzo Rosa","2","Sofia Mendez","2","4400","0","","0","","transferencia","","05/06/2026"
"454","","7234","3","Aretes Oro Argolla Pequena","3","Andrea Vargas","1","1800","0","","0","","efectivo","","05/06/2026"
"455","","7234","9","Dije Oro Letra Inicial","3","Andrea Vargas","1","1500","0","","0","","efectivo","","05/06/2026"
"456","","7234","5","Collar Oro Cadena Veneciana","3","Andrea Vargas","2","7200","0","","0","","efectivo","","05/06/2026"
"457","","7235","13","Anillo Compromiso Diamante","2","Sofia Mendez","2","37000","0","","0","","transferencia","","06/06/2026"
"458","","7236","10","Dije Plata Cruz Catolica","2","Sofia Mendez","2","1040","0","","0","","efectivo","","06/06/2026"
"459","","7237","4","Aretes Plata Perla Natural","2","Sofia Mendez","1","1200","0","","0","","tarjeta","","06/06/2026"
"460","","7237","7","Pulsera Oro Eslabon Cubano","2","Sofia Mendez","1","4200","0","","0","","tarjeta","","06/06/2026"
"461","","7237","10","Dije Plata Cruz Catolica","2","Sofia Mendez","1","520","0","","0","","tarjeta","","06/06/2026"
"462","","7238","8","Pulsera Plata Tejido Cuerda","5","Roberto Aguilar","1","780","0","","0","","efectivo","","06/06/2026"
"463","","7238","14","Esclava Plata Personalizada","5","Roberto Aguilar","1","1450","0","","0","","efectivo","","06/06/2026"
"464","","7238","15","Set Aretes Collar Cuarzo Rosa","5","Roberto Aguilar","2","4400","0","","0","","efectivo","","06/06/2026"
"465","","7239","5","Collar Oro Cadena Veneciana","2","Sofia Mendez","2","7200","1","6 km","0","","efectivo","","07/06/2026"
"466","","7240","4","Aretes Plata Perla Natural","5","Roberto Aguilar","1","1200","0","","0","","efectivo","","07/06/2026"
"467","","7241","1","Anillo Oro 14k Solitario","3","Andrea Vargas","2","9600","0","","0","","efectivo","","08/06/2026"
"468","","7242","10","Dije Plata Cruz Catolica","5","Roberto Aguilar","1","520","0","","0","","efectivo","","08/06/2026"
"469","","7242","5","Collar Oro Cadena Veneciana","5","Roberto Aguilar","2","7200","0","","0","","efectivo","","08/06/2026"
"470","","7243","8","Pulsera Plata Tejido Cuerda","3","Andrea Vargas","1","780","0","","0","","efectivo","","09/06/2026"
"471","","7243","1","Anillo Oro 14k Solitario","3","Andrea Vargas","1","4800","0","","0","","efectivo","","09/06/2026"
"472","","7243","13","Anillo Compromiso Diamante","3","Andrea Vargas","2","37000","0","","0","","efectivo","","09/06/2026"
"473","","7244","6","Collar Plata Dije Corazon","5","Roberto Aguilar","2","1780","0","","0","","transferencia","","09/06/2026"
"474","","7244","2","Anillo Plata 925 Infinito","5","Roberto Aguilar","2","1900","0","","0","","transferencia","","09/06/2026"
"475","","7244","15","Set Aretes Collar Cuarzo Rosa","5","Roberto Aguilar","1","2200","0","","0","","transferencia","","09/06/2026"
"476","","7245","8","Pulsera Plata Tejido Cuerda","4","Patricia Solis","1","780","0","","0","","transferencia","","09/06/2026"
"477","","7246","4","Aretes Plata Perla Natural","3","Andrea Vargas","1","1200","0","","0","","efectivo","","09/06/2026"
"478","","7247","3","Aretes Oro Argolla Pequena","4","Patricia Solis","1","1800","0","","0","","transferencia","","10/06/2026"
"479","","7248","9","Dije Oro Letra Inicial","3","Andrea Vargas","2","3000","0","","0","","tarjeta","","10/06/2026"
"480","","7248","4","Aretes Plata Perla Natural","3","Andrea Vargas","2","2400","0","","0","","tarjeta","","10/06/2026"
"481","","7249","10","Dije Plata Cruz Catolica","3","Andrea Vargas","1","520","0","","0","","tarjeta","","10/06/2026"
"482","","7249","9","Dije Oro Letra Inicial","3","Andrea Vargas","2","3000","0","","0","","tarjeta","","10/06/2026"
"483","","7250","11","Cadena Oro 50cm Barbada","3","Andrea Vargas","1","5200","1","4 km","0","","transferencia","","10/06/2026"
"484","","7251","15","Set Aretes Collar Cuarzo Rosa","4","Patricia Solis","2","4400","0","","0","","efectivo","","11/06/2026"
"485","","7251","2","Anillo Plata 925 Infinito","4","Patricia Solis","1","950","0","","0","","efectivo","","11/06/2026"
"486","","7251","14","Esclava Plata Personalizada","4","Patricia Solis","1","1450","0","","0","","efectivo","","11/06/2026"
"487","","7252","14","Esclava Plata Personalizada","5","Roberto Aguilar","1","1450","0","","0","","transferencia","","11/06/2026"
"488","","7253","6","Collar Plata Dije Corazon","4","Patricia Solis","2","1780","1","10 km","0","","tarjeta","","12/06/2026"
"489","","7254","2","Anillo Plata 925 Infinito","2","Sofia Mendez","1","950","0","","0","","transferencia","","12/06/2026"
"490","","7254","3","Aretes Oro Argolla Pequena","2","Sofia Mendez","2","3600","0","","0","","transferencia","","12/06/2026"
"491","","7254","5","Collar Oro Cadena Veneciana","2","Sofia Mendez","1","3600","0","","0","","transferencia","","12/06/2026"
"492","","7255","13","Anillo Compromiso Diamante","4","Patricia Solis","2","37000","0","","0","","tarjeta","","13/06/2026"
"493","","7256","14","Esclava Plata Personalizada","5","Roberto Aguilar","2","2900","0","","0","","efectivo","","13/06/2026"
"494","","7256","4","Aretes Plata Perla Natural","5","Roberto Aguilar","1","1200","0","","0","","efectivo","","13/06/2026"
"495","","7256","10","Dije Plata Cruz Catolica","5","Roberto Aguilar","1","520","0","","0","","efectivo","","13/06/2026"
"496","","7257","15","Set Aretes Collar Cuarzo Rosa","2","Sofia Mendez","2","4400","0","","0","","tarjeta","","13/06/2026"
"497","","7258","12","Cadena Plata 60cm Snake","5","Roberto Aguilar","1","1100","0","","0","","tarjeta","","13/06/2026"
"498","","7258","2","Anillo Plata 925 Infinito","5","Roberto Aguilar","2","1900","0","","0","","tarjeta","","13/06/2026"
"499","","7259","8","Pulsera Plata Tejido Cuerda","5","Roberto Aguilar","1","780","1","6 km","0","","efectivo","","14/06/2026"
"500","","7259","6","Collar Plata Dije Corazon","5","Roberto Aguilar","2","1780","1","6 km","0","","efectivo","","14/06/2026"
"501","","7260","12","Cadena Plata 60cm Snake","4","Patricia Solis","2","2200","0","","0","","tarjeta","","14/06/2026"
"502","","7261","3","Aretes Oro Argolla Pequena","4","Patricia Solis","2","3600","0","","0","","transferencia","","14/06/2026"
"503","","7262","12","Cadena Plata 60cm Snake","5","Roberto Aguilar","2","2200","0","","0","","tarjeta","","15/06/2026"
"504","","7262","8","Pulsera Plata Tejido Cuerda","5","Roberto Aguilar","1","780","0","","0","","tarjeta","","15/06/2026"
"505","","7262","11","Cadena Oro 50cm Barbada","5","Roberto Aguilar","2","10400","0","","0","","tarjeta","","15/06/2026"
"506","","7263","15","Set Aretes Collar Cuarzo Rosa","3","Andrea Vargas","1","2200","0","","0","","efectivo","","15/06/2026"
