id,created_at,customer_name,delivery_fee,delivery_range,is_delivery,items_count,origin,payment_method,printed_ticket,products_snapshot,sync_status,synced_at,total,updated_at,subtotal,staff_id,staff_name,store_id
TCK-7001,2026-03-01T20:07:00.000Z,Mostrador,0,NULL,0,1,desktop,efectivo,,"[{""product_id"":""4"",""name"":""Aretes Plata Perla Natural"",""qty"":1,""price"":1200,""line_total"":1200}]",pending,,1200,2026-06-18T00:00:00.000Z,1200,2,Sofia Mendez,
TCK-7002,2026-03-01T13:18:00.000Z,Luis Hernandez,0,NULL,0,4,desktop,efectivo,,"[{""product_id"":""10"",""name"":""Dije Plata Cruz Catolica"",""qty"":2,""price"":520,""line_total"":1040},{""product_id"":""7"",""name"":""Pulsera Oro Eslabon Cubano"",""qty"":1,""price"":4200,""line_total"":4200},{""product_id"":""1"",""name"":""Anillo Oro 14k Solitario"",""qty"":1,""price"":4800,""line_total"":4800}]",pending,,10040,2026-06-18T00:00:00.000Z,10040,3,Andrea Vargas,
TCK-7003,2026-03-01T14:23:00.000Z,Maria Garcia,0,NULL,0,3,desktop,efectivo,,"[{""product_id"":""14"",""name"":""Esclava Plata Personalizada"",""qty"":1,""price"":1450,""line_total"":1450},{""product_id"":""11"",""name"":""Cadena Oro 50cm Barbada"",""qty"":1,""price"":5200,""line_total"":5200},{""product_id"":""3"",""name"":""Aretes Oro Argolla Pequena"",""qty"":1,""price"":1800,""line_total"":1800}]",pending,,8450,2026-06-18T00:00:00.000Z,8450,2,Sofia Mendez,
TCK-7004,2026-03-01T18:23:00.000Z,Pedido Online,0,NULL,0,3,desktop,transferencia,,"[{""product_id"":""11"",""name"":""Cadena Oro 50cm Barbada"",""qty"":2,""price"":5200,""line_total"":10400},{""product_id"":""9"",""name"":""Dije Oro Letra Inicial"",""qty"":1,""price"":1500,""line_total"":1500}]",pending,,11900,2026-06-18T00:00:00.000Z,11900,5,Roberto Aguilar,
TCK-7005,2026-03-02T16:46:00.000Z,Luis Hernandez,0,NULL,0,2,desktop,efectivo,,"[{""product_id"":""10"",""name"":""Dije Plata Cruz Catolica"",""qty"":2,""price"":520,""line_total"":1040}]",pending,,1040,2026-06-18T00:00:00.000Z,1040,4,Patricia Solis,
TCK-7006,2026-03-02T13:59:00.000Z,Cliente Frecuente,0,NULL,0,5,desktop,tarjeta,,"[{""product_id"":""2"",""name"":""Anillo Plata 925 Infinito"",""qty"":2,""price"":950,""line_total"":1900},{""product_id"":""15"",""name"":""Set Aretes Collar Cuarzo Rosa"",""qty"":2,""price"":2200,""line_total"":4400},{""product_id"":""9"",""name"":""Dije Oro Letra Inicial"",""qty"":1,""price"":1500,""line_total"":1500}]",pending,,7800,2026-06-18T00:00:00.000Z,7800,5,Roberto Aguilar,
TCK-7007,2026-03-03T12:53:00.000Z,Cliente Nuevo,0,NULL,0,3,desktop,efectivo,,"[{""product_id"":""12"",""name"":""Cadena Plata 60cm Snake"",""qty"":1,""price"":1100,""line_total"":1100},{""product_id"":""6"",""name"":""Collar Plata Dije Corazon"",""qty"":2,""price"":890,""line_total"":1780}]",pending,,2880,2026-06-18T00:00:00.000Z,2880,5,Roberto Aguilar,
TCK-7008,2026-03-03T18:18:00.000Z,Cliente Nuevo,0,NULL,0,5,desktop,efectivo,,"[{""product_id"":""11"",""name"":""Cadena Oro 50cm Barbada"",""qty"":2,""price"":5200,""line_total"":10400},{""product_id"":""2"",""name"":""Anillo Plata 925 Infinito"",""qty"":2,""price"":950,""line_total"":1900},{""product_id"":""1"",""name"":""Anillo Oro 14k Solitario"",""qty"":1,""price"":4800,""line_total"":4800}]",pending,,17100,2026-06-18T00:00:00.000Z,17100,4,Patricia Solis,
TCK-7009,2026-03-03T13:47:00.000Z,Andrea L.,0,7 km,1,3,desktop,tarjeta,,"[{""product_id"":""3"",""name"":""Aretes Oro Argolla Pequena"",""qty"":1,""price"":1800,""line_total"":1800},{""product_id"":""10"",""name"":""Dije Plata Cruz Catolica"",""qty"":2,""price"":520,""line_total"":1040}]",pending,,2840,2026-06-18T00:00:00.000Z,2840,2,Sofia Mendez,
TCK-7010,2026-03-04T13:52:00.000Z,Luis Hernandez,0,NULL,0,2,desktop,tarjeta,,"[{""product_id"":""3"",""name"":""Aretes Oro Argolla Pequena"",""qty"":2,""price"":1800,""line_total"":3600}]",pending,,3600,2026-06-18T00:00:00.000Z,3600,5,Roberto Aguilar,
TCK-7011,2026-03-04T13:09:00.000Z,Cliente Nuevo,0,NULL,0,3,desktop,tarjeta,,"[{""product_id"":""7"",""name"":""Pulsera Oro Eslabon Cubano"",""qty"":1,""price"":4200,""line_total"":4200},{""product_id"":""6"",""name"":""Collar Plata Dije Corazon"",""qty"":1,""price"":890,""line_total"":890},{""product_id"":""11"",""name"":""Cadena Oro 50cm Barbada"",""qty"":1,""price"":5200,""line_total"":5200}]",pending,,10290,2026-06-18T00:00:00.000Z,10290,5,Roberto Aguilar,
TCK-7012,2026-03-04T16:39:00.000Z,Cliente Nuevo,0,NULL,0,4,desktop,tarjeta,,"[{""product_id"":""3"",""name"":""Aretes Oro Argolla Pequena"",""qty"":2,""price"":1800,""line_total"":3600},{""product_id"":""5"",""name"":""Collar Oro Cadena Veneciana"",""qty"":1,""price"":3600,""line_total"":3600},{""product_id"":""14"",""name"":""Esclava Plata Personalizada"",""qty"":1,""price"":1450,""line_total"":1450}]",pending,,8650,2026-06-18T00:00:00.000Z,8650,2,Sofia Mendez,
TCK-7013,2026-03-04T18:40:00.000Z,Cliente Frecuente,0,NULL,0,4,desktop,tarjeta,,"[{""product_id"":""13"",""name"":""Anillo Compromiso Diamante"",""qty"":2,""price"":18500,""line_total"":37000},{""product_id"":""9"",""name"":""Dije Oro Letra Inicial"",""qty"":1,""price"":1500,""line_total"":1500},{""product_id"":""7"",""name"":""Pulsera Oro Eslabon Cubano"",""qty"":1,""price"":4200,""line_total"":4200}]",pending,,42700,2026-06-18T00:00:00.000Z,42700,5,Roberto Aguilar,
TCK-7014,2026-03-05T20:09:00.000Z,Mostrador,0,3 km,1,3,desktop,efectivo,,"[{""product_id"":""3"",""name"":""Aretes Oro Argolla Pequena"",""qty"":1,""price"":1800,""line_total"":1800},{""product_id"":""2"",""name"":""Anillo Plata 925 Infinito"",""qty"":2,""price"":950,""line_total"":1900}]",pending,,3700,2026-06-18T00:00:00.000Z,3700,4,Patricia Solis,
TCK-7015,2026-03-05T15:22:00.000Z,Cliente Nuevo,0,NULL,0,2,desktop,efectivo,,"[{""product_id"":""14"",""name"":""Esclava Plata Personalizada"",""qty"":2,""price"":1450,""line_total"":2900}]",pending,,2900,2026-06-18T00:00:00.000Z,2900,3,Andrea Vargas,
TCK-7016,2026-03-06T15:05:00.000Z,Cliente Frecuente,0,NULL,0,1,desktop,tarjeta,,"[{""product_id"":""14"",""name"":""Esclava Plata Personalizada"",""qty"":1,""price"":1450,""line_total"":1450}]",pending,,1450,2026-06-18T00:00:00.000Z,1450,5,Roberto Aguilar,
TCK-7017,2026-03-07T16:09:00.000Z,Luis Hernandez,0,11 km,1,4,desktop,efectivo,,"[{""product_id"":""5"",""name"":""Collar Oro Cadena Veneciana"",""qty"":1,""price"":3600,""line_total"":3600},{""product_id"":""8"",""name"":""Pulsera Plata Tejido Cuerda"",""qty"":2,""price"":780,""line_total"":1560},{""product_id"":""12"",""name"":""Cadena Plata 60cm Snake"",""qty"":1,""price"":1100,""line_total"":1100}]",pending,,6260,2026-06-18T00:00:00.000Z,6260,3,Andrea Vargas,
TCK-7018,2026-03-07T19:21:00.000Z,Andrea L.,0,NULL,0,3,desktop,efectivo,,"[{""product_id"":""6"",""name"":""Collar Plata Dije Corazon"",""qty"":1,""price"":890,""line_total"":890},{""product_id"":""3"",""name"":""Aretes Oro Argolla Pequena"",""qty"":1,""price"":1800,""line_total"":1800},{""product_id"":""15"",""name"":""Set Aretes Collar Cuarzo Rosa"",""qty"":1,""price"":2200,""line_total"":2200}]",pending,,4890,2026-06-18T00:00:00.000Z,4890,3,Andrea Vargas,
TCK-7019,2026-03-07T11:50:00.000Z,Maria Garcia,0,NULL,0,6,desktop,transferencia,,"[{""product_id"":""13"",""name"":""Anillo Compromiso Diamante"",""qty"":2,""price"":18500,""line_total"":37000},{""product_id"":""4"",""name"":""Aretes Plata Perla Natural"",""qty"":2,""price"":1200,""line_total"":2400},{""product_id"":""14"",""name"":""Esclava Plata Personalizada"",""qty"":2,""price"":1450,""line_total"":2900}]",pending,,42300,2026-06-18T00:00:00.000Z,42300,5,Roberto Aguilar,
TCK-7020,2026-03-08T14:30:00.000Z,Maria Garcia,0,4 km,1,3,desktop,transferencia,,"[{""product_id"":""13"",""name"":""Anillo Compromiso Diamante"",""qty"":1,""price"":18500,""line_total"":18500},{""product_id"":""12"",""name"":""Cadena Plata 60cm Snake"",""qty"":2,""price"":1100,""line_total"":2200}]",pending,,20700,2026-06-18T00:00:00.000Z,20700,4,Patricia Solis,
TCK-7021,2026-03-08T16:51:00.000Z,Andrea L.,0,NULL,0,2,desktop,tarjeta,,"[{""product_id"":""10"",""name"":""Dije Plata Cruz Catolica"",""qty"":1,""price"":520,""line_total"":520},{""product_id"":""15"",""name"":""Set Aretes Collar Cuarzo Rosa"",""qty"":1,""price"":2200,""line_total"":2200}]",pending,,2720,2026-06-18T00:00:00.000Z,2720,2,Sofia Mendez,
TCK-7022,2026-03-08T16:05:00.000Z,Cliente Frecuente,0,NULL,0,6,desktop,tarjeta,,"[{""product_id"":""13"",""name"":""Anillo Compromiso Diamante"",""qty"":2,""price"":18500,""line_total"":37000},{""product_id"":""4"",""name"":""Aretes Plata Perla Natural"",""qty"":2,""price"":1200,""line_total"":2400},{""product_id"":""8"",""name"":""Pulsera Plata Tejido Cuerda"",""qty"":2,""price"":780,""line_total"":1560}]",pending,,40960,2026-06-18T00:00:00.000Z,40960,3,Andrea Vargas,
TCK-7023,2026-03-09T18:51:00.000Z,Cliente Nuevo,0,NULL,0,1,desktop,tarjeta,,"[{""product_id"":""3"",""name"":""Aretes Oro Argolla Pequena"",""qty"":1,""price"":1800,""line_total"":1800}]",pending,,1800,2026-06-18T00:00:00.000Z,1800,2,Sofia Mendez,
TCK-7024,2026-03-09T19:47:00.000Z,Maria Garcia,0,4 km,1,4,desktop,efectivo,,"[{""product_id"":""15"",""name"":""Set Aretes Collar Cuarzo Rosa"",""qty"":1,""price"":2200,""line_total"":2200},{""product_id"":""6"",""name"":""Collar Plata Dije Corazon"",""qty"":2,""price"":890,""line_total"":1780},{""product_id"":""3"",""name"":""Aretes Oro Argolla Pequena"",""qty"":1,""price"":1800,""line_total"":1800}]",pending,,5780,2026-06-18T00:00:00.000Z,5780,3,Andrea Vargas,
TCK-7025,2026-03-10T19:26:00.000Z,Regalo Aniversario,0,NULL,0,2,desktop,efectivo,,"[{""product_id"":""4"",""name"":""Aretes Plata Perla Natural"",""qty"":1,""price"":1200,""line_total"":1200},{""product_id"":""5"",""name"":""Collar Oro Cadena Veneciana"",""qty"":1,""price"":3600,""line_total"":3600}]",pending,,4800,2026-06-18T00:00:00.000Z,4800,3,Andrea Vargas,
TCK-7026,2026-03-11T19:32:00.000Z,Mostrador,0,5 km,1,4,desktop,efectivo,,"[{""product_id"":""10"",""name"":""Dije Plata Cruz Catolica"",""qty"":1,""price"":520,""line_total"":520},{""product_id"":""14"",""name"":""Esclava Plata Personalizada"",""qty"":2,""price"":1450,""line_total"":2900},{""product_id"":""9"",""name"":""Dije Oro Letra Inicial"",""qty"":1,""price"":1500,""line_total"":1500}]",pending,,4920,2026-06-18T00:00:00.000Z,4920,5,Roberto Aguilar,
TCK-7027,2026-03-11T12:35:00.000Z,Regalo Aniversario,0,NULL,0,1,desktop,tarjeta,,"[{""product_id"":""3"",""name"":""Aretes Oro Argolla Pequena"",""qty"":1,""price"":1800,""line_total"":1800}]",pending,,1800,2026-06-18T00:00:00.000Z,1800,3,Andrea Vargas,
TCK-7028,2026-03-11T11:15:00.000Z,Cliente Frecuente,0,NULL,0,4,desktop,efectivo,,"[{""product_id"":""9"",""name"":""Dije Oro Letra Inicial"",""qty"":1,""price"":1500,""line_total"":1500},{""product_id"":""15"",""name"":""Set Aretes Collar Cuarzo Rosa"",""qty"":2,""price"":2200,""line_total"":4400},{""product_id"":""14"",""name"":""Esclava Plata Personalizada"",""qty"":1,""price"":1450,""line_total"":1450}]",pending,,7350,2026-06-18T00:00:00.000Z,7350,5,Roberto Aguilar,
TCK-7029,2026-03-11T19:38:00.000Z,Cliente Nuevo,0,NULL,0,5,desktop,tarjeta,,"[{""product_id"":""8"",""name"":""Pulsera Plata Tejido Cuerda"",""qty"":1,""price"":780,""line_total"":780},{""product_id"":""9"",""name"":""Dije Oro Letra Inicial"",""qty"":2,""price"":1500,""line_total"":3000},{""product_id"":""1"",""name"":""Anillo Oro 14k Solitario"",""qty"":2,""price"":4800,""line_total"":9600}]",pending,,13380,2026-06-18T00:00:00.000Z,13380,2,Sofia Mendez,
TCK-7030,2026-03-12T17:28:00.000Z,Andrea L.,0,4 km,1,4,desktop,tarjeta,,"[{""product_id"":""9"",""name"":""Dije Oro Letra Inicial"",""qty"":2,""price"":1500,""line_total"":3000},{""product_id"":""5"",""name"":""Collar Oro Cadena Veneciana"",""qty"":1,""price"":3600,""line_total"":3600},{""product_id"":""15"",""name"":""Set Aretes Collar Cuarzo Rosa"",""qty"":1,""price"":2200,""line_total"":2200}]",pending,,8800,2026-06-18T00:00:00.000Z,8800,3,Andrea Vargas,
TCK-7031,2026-03-12T13:45:00.000Z,Pedido Online,0,NULL,0,2,desktop,efectivo,,"[{""product_id"":""4"",""name"":""Aretes Plata Perla Natural"",""qty"":2,""price"":1200,""line_total"":2400}]",pending,,2400,2026-06-18T00:00:00.000Z,2400,4,Patricia Solis,
TCK-7032,2026-03-13T18:10:00.000Z,Pedido Online,0,NULL,0,1,desktop,efectivo,,"[{""product_id"":""8"",""name"":""Pulsera Plata Tejido Cuerda"",""qty"":1,""price"":780,""line_total"":780}]",pending,,780,2026-06-18T00:00:00.000Z,780,3,Andrea Vargas,
TCK-7033,2026-03-13T16:05:00.000Z,Cliente Nuevo,0,NULL,0,5,desktop,tarjeta,,"[{""product_id"":""7"",""name"":""Pulsera Oro Eslabon Cubano"",""qty"":2,""price"":4200,""line_total"":8400},{""product_id"":""9"",""name"":""Dije Oro Letra Inicial"",""qty"":1,""price"":1500,""line_total"":1500},{""product_id"":""15"",""name"":""Set Aretes Collar Cuarzo Rosa"",""qty"":2,""price"":2200,""line_total"":4400}]",pending,,14300,2026-06-18T00:00:00.000Z,14300,4,Patricia Solis,
TCK-7034,2026-03-13T15:32:00.000Z,Maria Garcia,0,NULL,0,2,desktop,transferencia,,"[{""product_id"":""12"",""name"":""Cadena Plata 60cm Snake"",""qty"":1,""price"":1100,""line_total"":1100},{""product_id"":""1"",""name"":""Anillo Oro 14k Solitario"",""qty"":1,""price"":4800,""line_total"":4800}]",pending,,5900,2026-06-18T00:00:00.000Z,5900,5,Roberto Aguilar,
TCK-7035,2026-03-14T13:17:00.000Z,Andrea L.,0,NULL,0,1,desktop,efectivo,,"[{""product_id"":""5"",""name"":""Collar Oro Cadena Veneciana"",""qty"":1,""price"":3600,""line_total"":3600}]",pending,,3600,2026-06-18T00:00:00.000Z,3600,4,Patricia Solis,
TCK-7036,2026-03-15T13:27:00.000Z,Mostrador,0,3 km,1,3,desktop,transferencia,,"[{""product_id"":""3"",""name"":""Aretes Oro Argolla Pequena"",""qty"":1,""price"":1800,""line_total"":1800},{""product_id"":""9"",""name"":""Dije Oro Letra Inicial"",""qty"":2,""price"":1500,""line_total"":3000}]",pending,,4800,2026-06-18T00:00:00.000Z,4800,5,Roberto Aguilar,
TCK-7037,2026-03-15T12:16:00.000Z,Regalo Aniversario,0,NULL,0,4,desktop,efectivo,,"[{""product_id"":""2"",""name"":""Anillo Plata 925 Infinito"",""qty"":1,""price"":950,""line_total"":950},{""product_id"":""13"",""name"":""Anillo Compromiso Diamante"",""qty"":2,""price"":18500,""line_total"":37000},{""product_id"":""5"",""name"":""Collar Oro Cadena Veneciana"",""qty"":1,""price"":3600,""line_total"":3600}]",pending,,41550,2026-06-18T00:00:00.000Z,41550,2,Sofia Mendez,
TCK-7038,2026-03-15T14:07:00.000Z,Pedido Online,0,NULL,0,4,desktop,efectivo,,"[{""product_id"":""7"",""name"":""Pulsera Oro Eslabon Cubano"",""qty"":1,""price"":4200,""line_total"":4200},{""product_id"":""5"",""name"":""Collar Oro Cadena Veneciana"",""qty"":2,""price"":3600,""line_total"":7200},{""product_id"":""10"",""name"":""Dije Plata Cruz Catolica"",""qty"":1,""price"":520,""line_total"":520}]",pending,,11920,2026-06-18T00:00:00.000Z,11920,3,Andrea Vargas,
TCK-7039,2026-03-16T13:17:00.000Z,Luis Hernandez,0,NULL,0,3,desktop,transferencia,,"[{""product_id"":""11"",""name"":""Cadena Oro 50cm Barbada"",""qty"":2,""price"":5200,""line_total"":10400},{""product_id"":""5"",""name"":""Collar Oro Cadena Veneciana"",""qty"":1,""price"":3600,""line_total"":3600}]",pending,,14000,2026-06-18T00:00:00.000Z,14000,3,Andrea Vargas,
TCK-7040,2026-03-16T14:32:00.000Z,Maria Garcia,0,NULL,0,2,desktop,efectivo,,"[{""product_id"":""1"",""name"":""Anillo Oro 14k Solitario"",""qty"":2,""price"":4800,""line_total"":9600}]",pending,,9600,2026-06-18T00:00:00.000Z,9600,2,Sofia Mendez,
TCK-7041,2026-03-17T17:32:00.000Z,Maria Garcia,0,NULL,0,2,desktop,tarjeta,,"[{""product_id"":""11"",""name"":""Cadena Oro 50cm Barbada"",""qty"":2,""price"":5200,""line_total"":10400}]",pending,,10400,2026-06-18T00:00:00.000Z,10400,5,Roberto Aguilar,
TCK-7042,2026-03-17T16:03:00.000Z,Mostrador,0,NULL,0,1,desktop,tarjeta,,"[{""product_id"":""6"",""name"":""Collar Plata Dije Corazon"",""qty"":1,""price"":890,""line_total"":890}]",pending,,890,2026-06-18T00:00:00.000Z,890,3,Andrea Vargas,
TCK-7043,2026-03-17T12:42:00.000Z,Luis Hernandez,0,NULL,0,2,desktop,tarjeta,,"[{""product_id"":""11"",""name"":""Cadena Oro 50cm Barbada"",""qty"":2,""price"":5200,""line_total"":10400}]",pending,,10400,2026-06-18T00:00:00.000Z,10400,4,Patricia Solis,
TCK-7044,2026-03-17T15:28:00.000Z,Regalo Aniversario,0,NULL,0,5,desktop,tarjeta,,"[{""product_id"":""4"",""name"":""Aretes Plata Perla Natural"",""qty"":1,""price"":1200,""line_total"":1200},{""product_id"":""12"",""name"":""Cadena Plata 60cm Snake"",""qty"":2,""price"":1100,""line_total"":2200},{""product_id"":""5"",""name"":""Collar Oro Cadena Veneciana"",""qty"":2,""price"":3600,""line_total"":7200}]",pending,,10600,2026-06-18T00:00:00.000Z,10600,2,Sofia Mendez,
TCK-7045,2026-03-18T11:21:00.000Z,Cliente Frecuente,0,NULL,0,2,desktop,tarjeta,,"[{""product_id"":""1"",""name"":""Anillo Oro 14k Solitario"",""qty"":2,""price"":4800,""line_total"":9600}]",pending,,9600,2026-06-18T00:00:00.000Z,9600,4,Patricia Solis,
TCK-7046,2026-03-18T11:05:00.000Z,Pedido Online,0,NULL,0,3,desktop,tarjeta,,"[{""product_id"":""5"",""name"":""Collar Oro Cadena Veneciana"",""qty"":2,""price"":3600,""line_total"":7200},{""product_id"":""9"",""name"":""Dije Oro Letra Inicial"",""qty"":1,""price"":1500,""line_total"":1500}]",pending,,8700,2026-06-18T00:00:00.000Z,8700,3,Andrea Vargas,
TCK-7047,2026-03-18T14:05:00.000Z,Regalo Aniversario,0,NULL,0,3,desktop,efectivo,,"[{""product_id"":""10"",""name"":""Dije Plata Cruz Catolica"",""qty"":1,""price"":520,""line_total"":520},{""product_id"":""1"",""name"":""Anillo Oro 14k Solitario"",""qty"":2,""price"":4800,""line_total"":9600}]",pending,,10120,2026-06-18T00:00:00.000Z,10120,5,Roberto Aguilar,
TCK-7048,2026-03-19T19:40:00.000Z,Pedido Online,0,NULL,0,2,desktop,efectivo,,"[{""product_id"":""5"",""name"":""Collar Oro Cadena Veneciana"",""qty"":2,""price"":3600,""line_total"":7200}]",pending,,7200,2026-06-18T00:00:00.000Z,7200,3,Andrea Vargas,
TCK-7049,2026-03-19T14:05:00.000Z,Regalo Aniversario,0,NULL,0,3,desktop,efectivo,,"[{""product_id"":""13"",""name"":""Anillo Compromiso Diamante"",""qty"":1,""price"":18500,""line_total"":18500},{""product_id"":""9"",""name"":""Dije Oro Letra Inicial"",""qty"":1,""price"":1500,""line_total"":1500},{""product_id"":""10"",""name"":""Dije Plata Cruz Catolica"",""qty"":1,""price"":520,""line_total"":520}]",pending,,20520,2026-06-18T00:00:00.000Z,20520,2,Sofia Mendez,
TCK-7050,2026-03-19T19:43:00.000Z,Cliente Nuevo,0,3 km,1,1,desktop,efectivo,,"[{""product_id"":""7"",""name"":""Pulsera Oro Eslabon Cubano"",""qty"":1,""price"":4200,""line_total"":4200}]",pending,,4200,2026-06-18T00:00:00.000Z,4200,5,Roberto Aguilar,
TCK-7051,2026-03-19T12:42:00.000Z,Luis Hernandez,0,NULL,0,3,desktop,efectivo,,"[{""product_id"":""1"",""name"":""Anillo Oro 14k Solitario"",""qty"":1,""price"":4800,""line_total"":4800},{""product_id"":""8"",""name"":""Pulsera Plata Tejido Cuerda"",""qty"":2,""price"":780,""line_total"":1560}]",pending,,6360,2026-06-18T00:00:00.000Z,6360,2,Sofia Mendez,
TCK-7052,2026-03-20T18:31:00.000Z,Cliente Nuevo,0,NULL,0,3,desktop,tarjeta,,"[{""product_id"":""4"",""name"":""Aretes Plata Perla Natural"",""qty"":2,""price"":1200,""line_total"":2400},{""product_id"":""12"",""name"":""Cadena Plata 60cm Snake"",""qty"":1,""price"":1100,""line_total"":1100}]",pending,,3500,2026-06-18T00:00:00.000Z,3500,3,Andrea Vargas,
TCK-7053,2026-03-21T16:16:00.000Z,Pedido Online,0,NULL,0,2,desktop,efectivo,,"[{""product_id"":""10"",""name"":""Dije Plata Cruz Catolica"",""qty"":2,""price"":520,""line_total"":1040}]",pending,,1040,2026-06-18T00:00:00.000Z,1040,3,Andrea Vargas,
TCK-7054,2026-03-21T12:44:00.000Z,Cliente Nuevo,0,NULL,0,1,desktop,tarjeta,,"[{""product_id"":""8"",""name"":""Pulsera Plata Tejido Cuerda"",""qty"":1,""price"":780,""line_total"":780}]",pending,,780,2026-06-18T00:00:00.000Z,780,2,Sofia Mendez,
TCK-7055,2026-03-21T12:57:00.000Z,Cliente Frecuente,0,NULL,0,3,desktop,tarjeta,,"[{""product_id"":""12"",""name"":""Cadena Plata 60cm Snake"",""qty"":1,""price"":1100,""line_total"":1100},{""product_id"":""9"",""name"":""Dije Oro Letra Inicial"",""qty"":2,""price"":1500,""line_total"":3000}]",pending,,4100,2026-06-18T00:00:00.000Z,4100,4,Patricia Solis,
TCK-7056,2026-03-22T18:17:00.000Z,Maria Garcia,0,NULL,0,2,desktop,efectivo,,"[{""product_id"":""5"",""name"":""Collar Oro Cadena Veneciana"",""qty"":2,""price"":3600,""line_total"":7200}]",pending,,7200,2026-06-18T00:00:00.000Z,7200,5,Roberto Aguilar,
TCK-7057,2026-03-22T15:23:00.000Z,Luis Hernandez,0,NULL,0,1,desktop,tarjeta,,"[{""product_id"":""2"",""name"":""Anillo Plata 925 Infinito"",""qty"":1,""price"":950,""line_total"":950}]",pending,,950,2026-06-18T00:00:00.000Z,950,2,Sofia Mendez,
TCK-7058,2026-03-22T18:25:00.000Z,Pedido Online,0,NULL,0,1,desktop,tarjeta,,"[{""product_id"":""12"",""name"":""Cadena Plata 60cm Snake"",""qty"":1,""price"":1100,""line_total"":1100}]",pending,,1100,2026-06-18T00:00:00.000Z,1100,4,Patricia Solis,
TCK-7059,2026-03-22T13:26:00.000Z,Andrea L.,0,NULL,0,2,desktop,tarjeta,,"[{""product_id"":""8"",""name"":""Pulsera Plata Tejido Cuerda"",""qty"":2,""price"":780,""line_total"":1560}]",pending,,1560,2026-06-18T00:00:00.000Z,1560,5,Roberto Aguilar,
TCK-7060,2026-03-23T16:53:00.000Z,Cliente Frecuente,0,NULL,0,2,desktop,efectivo,,"[{""product_id"":""14"",""name"":""Esclava Plata Personalizada"",""qty"":2,""price"":1450,""line_total"":2900}]",pending,,2900,2026-06-18T00:00:00.000Z,2900,4,Patricia Solis,
TCK-7061,2026-03-23T12:25:00.000Z,Cliente Frecuente,0,NULL,0,2,desktop,transferencia,,"[{""product_id"":""12"",""name"":""Cadena Plata 60cm Snake"",""qty"":2,""price"":1100,""line_total"":2200}]",pending,,2200,2026-06-18T00:00:00.000Z,2200,2,Sofia Mendez,
TCK-7062,2026-03-23T11:53:00.000Z,Maria Garcia,0,NULL,0,3,desktop,efectivo,,"[{""product_id"":""15"",""name"":""Set Aretes Collar Cuarzo Rosa"",""qty"":2,""price"":2200,""line_total"":4400},{""product_id"":""7"",""name"":""Pulsera Oro Eslabon Cubano"",""qty"":1,""price"":4200,""line_total"":4200}]",pending,,8600,2026-06-18T00:00:00.000Z,8600,4,Patricia Solis,
TCK-7063,2026-03-24T17:56:00.000Z,Maria Garcia,0,NULL,0,3,desktop,transferencia,,"[{""product_id"":""9"",""name"":""Dije Oro Letra Inicial"",""qty"":1,""price"":1500,""line_total"":1500},{""product_id"":""6"",""name"":""Collar Plata Dije Corazon"",""qty"":2,""price"":890,""line_total"":1780}]",pending,,3280,2026-06-18T00:00:00.000Z,3280,3,Andrea Vargas,
TCK-7064,2026-03-24T13:41:00.000Z,Pedido Online,0,NULL,0,5,desktop,tarjeta,,"[{""product_id"":""2"",""name"":""Anillo Plata 925 Infinito"",""qty"":2,""price"":950,""line_total"":1900},{""product_id"":""1"",""name"":""Anillo Oro 14k Solitario"",""qty"":2,""price"":4800,""line_total"":9600},{""product_id"":""12"",""name"":""Cadena Plata 60cm Snake"",""qty"":1,""price"":1100,""line_total"":1100}]",pending,,12600,2026-06-18T00:00:00.000Z,12600,5,Roberto Aguilar,
TCK-7065,2026-03-24T15:47:00.000Z,Andrea L.,0,NULL,0,2,desktop,transferencia,,"[{""product_id"":""8"",""name"":""Pulsera Plata Tejido Cuerda"",""qty"":2,""price"":780,""line_total"":1560}]",pending,,1560,2026-06-18T00:00:00.000Z,1560,5,Roberto Aguilar,
TCK-7066,2026-03-25T13:04:00.000Z,Maria Garcia,0,NULL,0,3,desktop,efectivo,,"[{""product_id"":""8"",""name"":""Pulsera Plata Tejido Cuerda"",""qty"":1,""price"":780,""line_total"":780},{""product_id"":""9"",""name"":""Dije Oro Letra Inicial"",""qty"":2,""price"":1500,""line_total"":3000}]",pending,,3780,2026-06-18T00:00:00.000Z,3780,5,Roberto Aguilar,
TCK-7067,2026-03-25T14:05:00.000Z,Cliente Frecuente,0,6 km,1,3,desktop,tarjeta,,"[{""product_id"":""15"",""name"":""Set Aretes Collar Cuarzo Rosa"",""qty"":1,""price"":2200,""line_total"":2200},{""product_id"":""6"",""name"":""Collar Plata Dije Corazon"",""qty"":2,""price"":890,""line_total"":1780}]",pending,,3980,2026-06-18T00:00:00.000Z,3980,5,Roberto Aguilar,
TCK-7068,2026-03-26T11:47:00.000Z,Andrea L.,0,NULL,0,2,desktop,efectivo,,"[{""product_id"":""6"",""name"":""Collar Plata Dije Corazon"",""qty"":2,""price"":890,""line_total"":1780}]",pending,,1780,2026-06-18T00:00:00.000Z,1780,4,Patricia Solis,
TCK-7069,2026-03-26T11:31:00.000Z,Pedido Online,0,NULL,0,4,desktop,tarjeta,,"[{""product_id"":""12"",""name"":""Cadena Plata 60cm Snake"",""qty"":2,""price"":1100,""line_total"":2200},{""product_id"":""9"",""name"":""Dije Oro Letra Inicial"",""qty"":2,""price"":1500,""line_total"":3000}]",pending,,5200,2026-06-18T00:00:00.000Z,5200,3,Andrea Vargas,
TCK-7070,2026-03-26T14:24:00.000Z,Luis Hernandez,0,NULL,0,6,desktop,efectivo,,"[{""product_id"":""9"",""name"":""Dije Oro Letra Inicial"",""qty"":2,""price"":1500,""line_total"":3000},{""product_id"":""15"",""name"":""Set Aretes Collar Cuarzo Rosa"",""qty"":2,""price"":2200,""line_total"":4400},{""product_id"":""11"",""name"":""Cadena Oro 50cm Barbada"",""qty"":2,""price"":5200,""line_total"":10400}]",pending,,17800,2026-06-18T00:00:00.000Z,17800,3,Andrea Vargas,
TCK-7071,2026-03-27T18:00:00.000Z,Andrea L.,0,NULL,0,1,desktop,tarjeta,,"[{""product_id"":""1"",""name"":""Anillo Oro 14k Solitario"",""qty"":1,""price"":4800,""line_total"":4800}]",pending,,4800,2026-06-18T00:00:00.000Z,4800,5,Roberto Aguilar,
TCK-7072,2026-03-28T19:43:00.000Z,Cliente Frecuente,0,NULL,0,3,desktop,tarjeta,,"[{""product_id"":""4"",""name"":""Aretes Plata Perla Natural"",""qty"":1,""price"":1200,""line_total"":1200},{""product_id"":""13"",""name"":""Anillo Compromiso Diamante"",""qty"":2,""price"":18500,""line_total"":37000}]",pending,,38200,2026-06-18T00:00:00.000Z,38200,2,Sofia Mendez,
TCK-7073,2026-03-28T11:41:00.000Z,Andrea L.,0,NULL,0,5,desktop,tarjeta,,"[{""product_id"":""13"",""name"":""Anillo Compromiso Diamante"",""qty"":2,""price"":18500,""line_total"":37000},{""product_id"":""1"",""name"":""Anillo Oro 14k Solitario"",""qty"":1,""price"":4800,""line_total"":4800},{""product_id"":""14"",""name"":""Esclava Plata Personalizada"",""qty"":2,""price"":1450,""line_total"":2900}]",pending,,44700,2026-06-18T00:00:00.000Z,44700,3,Andrea Vargas,
TCK-7074,2026-03-28T20:12:00.000Z,Mostrador,0,NULL,0,5,desktop,transferencia,,"[{""product_id"":""13"",""name"":""Anillo Compromiso Diamante"",""qty"":2,""price"":18500,""line_total"":37000},{""product_id"":""2"",""name"":""Anillo Plata 925 Infinito"",""qty"":2,""price"":950,""line_total"":1900},{""product_id"":""14"",""name"":""Esclava Plata Personalizada"",""qty"":1,""price"":1450,""line_total"":1450}]",pending,,40350,2026-06-18T00:00:00.000Z,40350,2,Sofia Mendez,
TCK-7075,2026-03-28T16:41:00.000Z,Cliente Nuevo,0,NULL,0,1,desktop,tarjeta,,"[{""product_id"":""9"",""name"":""Dije Oro Letra Inicial"",""qty"":1,""price"":1500,""line_total"":1500}]",pending,,1500,2026-06-18T00:00:00.000Z,1500,4,Patricia Solis,
TCK-7076,2026-03-29T17:05:00.000Z,Regalo Aniversario,0,10 km,1,5,desktop,efectivo,,"[{""product_id"":""4"",""name"":""Aretes Plata Perla Natural"",""qty"":2,""price"":1200,""line_total"":2400},{""product_id"":""1"",""name"":""Anillo Oro 14k Solitario"",""qty"":1,""price"":4800,""line_total"":4800},{""product_id"":""7"",""name"":""Pulsera Oro Eslabon Cubano"",""qty"":2,""price"":4200,""line_total"":8400}]",pending,,15600,2026-06-18T00:00:00.000Z,15600,4,Patricia Solis,
TCK-7077,2026-03-29T16:43:00.000Z,Maria Garcia,0,NULL,0,2,desktop,transferencia,,"[{""product_id"":""8"",""name"":""Pulsera Plata Tejido Cuerda"",""qty"":2,""price"":780,""line_total"":1560}]",pending,,1560,2026-06-18T00:00:00.000Z,1560,2,Sofia Mendez,
TCK-7078,2026-03-30T14:19:00.000Z,Cliente Nuevo,0,NULL,0,2,desktop,tarjeta,,"[{""product_id"":""12"",""name"":""Cadena Plata 60cm Snake"",""qty"":1,""price"":1100,""line_total"":1100},{""product_id"":""14"",""name"":""Esclava Plata Personalizada"",""qty"":1,""price"":1450,""line_total"":1450}]",pending,,2550,2026-06-18T00:00:00.000Z,2550,2,Sofia Mendez,
TCK-7079,2026-03-31T13:57:00.000Z,Andrea L.,0,NULL,0,3,desktop,efectivo,,"[{""product_id"":""13"",""name"":""Anillo Compromiso Diamante"",""qty"":1,""price"":18500,""line_total"":18500},{""product_id"":""5"",""name"":""Collar Oro Cadena Veneciana"",""qty"":2,""price"":3600,""line_total"":7200}]",pending,,25700,2026-06-18T00:00:00.000Z,25700,2,Sofia Mendez,
TCK-7080,2026-03-31T20:09:00.000Z,Pedido Online,0,NULL,0,4,desktop,efectivo,,"[{""product_id"":""1"",""name"":""Anillo Oro 14k Solitario"",""qty"":2,""price"":4800,""line_total"":9600},{""product_id"":""10"",""name"":""Dije Plata Cruz Catolica"",""qty"":1,""price"":520,""line_total"":520},{""product_id"":""3"",""name"":""Aretes Oro Argolla Pequena"",""qty"":1,""price"":1800,""line_total"":1800}]",pending,,11920,2026-06-18T00:00:00.000Z,11920,5,Roberto Aguilar,
TCK-7081,2026-04-01T13:21:00.000Z,Cliente Nuevo,0,NULL,0,2,desktop,efectivo,,"[{""product_id"":""15"",""name"":""Set Aretes Collar Cuarzo Rosa"",""qty"":1,""price"":2200,""line_total"":2200},{""product_id"":""12"",""name"":""Cadena Plata 60cm Snake"",""qty"":1,""price"":1100,""line_total"":1100}]",pending,,3300,2026-06-18T00:00:00.000Z,3300,4,Patricia Solis,
TCK-7082,2026-04-01T18:10:00.000Z,Mostrador,0,NULL,0,1,desktop,transferencia,,"[{""product_id"":""5"",""name"":""Collar Oro Cadena Veneciana"",""qty"":1,""price"":3600,""line_total"":3600}]",pending,,3600,2026-06-18T00:00:00.000Z,3600,5,Roberto Aguilar,
TCK-7083,2026-04-01T12:35:00.000Z,Andrea L.,0,NULL,0,1,desktop,transferencia,,"[{""product_id"":""5"",""name"":""Collar Oro Cadena Veneciana"",""qty"":1,""price"":3600,""line_total"":3600}]",pending,,3600,2026-06-18T00:00:00.000Z,3600,2,Sofia Mendez,
TCK-7084,2026-04-01T14:23:00.000Z,Regalo Aniversario,0,10 km,1,3,desktop,tarjeta,,"[{""product_id"":""13"",""name"":""Anillo Compromiso Diamante"",""qty"":2,""price"":18500,""line_total"":37000},{""product_id"":""14"",""name"":""Esclava Plata Personalizada"",""qty"":1,""price"":1450,""line_total"":1450}]",pending,,38450,2026-06-18T00:00:00.000Z,38450,4,Patricia Solis,
TCK-7085,2026-04-02T17:02:00.000Z,Cliente Frecuente,0,NULL,0,5,desktop,tarjeta,,"[{""product_id"":""15"",""name"":""Set Aretes Collar Cuarzo Rosa"",""qty"":2,""price"":2200,""line_total"":4400},{""product_id"":""8"",""name"":""Pulsera Plata Tejido Cuerda"",""qty"":1,""price"":780,""line_total"":780},{""product_id"":""1"",""name"":""Anillo Oro 14k Solitario"",""qty"":2,""price"":4800,""line_total"":9600}]",pending,,14780,2026-06-18T00:00:00.000Z,14780,5,Roberto Aguilar,
TCK-7086,2026-04-02T16:23:00.000Z,Regalo Aniversario,0,NULL,0,2,desktop,efectivo,,"[{""product_id"":""5"",""name"":""Collar Oro Cadena Veneciana"",""qty"":2,""price"":3600,""line_total"":7200}]",pending,,7200,2026-06-18T00:00:00.000Z,7200,3,Andrea Vargas,
TCK-7087,2026-04-02T20:58:00.000Z,Cliente Frecuente,0,NULL,0,3,desktop,transferencia,,"[{""product_id"":""1"",""name"":""Anillo Oro 14k Solitario"",""qty"":1,""price"":4800,""line_total"":4800},{""product_id"":""5"",""name"":""Collar Oro Cadena Veneciana"",""qty"":1,""price"":3600,""line_total"":3600},{""product_id"":""12"",""name"":""Cadena Plata 60cm Snake"",""qty"":1,""price"":1100,""line_total"":1100}]",pending,,9500,2026-06-18T00:00:00.000Z,9500,4,Patricia Solis,
TCK-7088,2026-04-03T13:59:00.000Z,Luis Hernandez,0,NULL,0,4,desktop,tarjeta,,"[{""product_id"":""8"",""name"":""Pulsera Plata Tejido Cuerda"",""qty"":2,""price"":780,""line_total"":1560},{""product_id"":""13"",""name"":""Anillo Compromiso Diamante"",""qty"":1,""price"":18500,""line_total"":18500},{""product_id"":""7"",""name"":""Pulsera Oro Eslabon Cubano"",""qty"":1,""price"":4200,""line_total"":4200}]",pending,,24260,2026-06-18T00:00:00.000Z,24260,4,Patricia Solis,
TCK-7089,2026-04-03T18:23:00.000Z,Pedido Online,0,NULL,0,4,desktop,transferencia,,"[{""product_id"":""13"",""name"":""Anillo Compromiso Diamante"",""qty"":1,""price"":18500,""line_total"":18500},{""product_id"":""3"",""name"":""Aretes Oro Argolla Pequena"",""qty"":1,""price"":1800,""line_total"":1800},{""product_id"":""10"",""name"":""Dije Plata Cruz Catolica"",""qty"":2,""price"":520,""line_total"":1040}]",pending,,21340,2026-06-18T00:00:00.000Z,21340,3,Andrea Vargas,
TCK-7090,2026-04-03T19:20:00.000Z,Andrea L.,0,NULL,0,1,desktop,efectivo,,"[{""product_id"":""7"",""name"":""Pulsera Oro Eslabon Cubano"",""qty"":1,""price"":4200,""line_total"":4200}]",pending,,4200,2026-06-18T00:00:00.000Z,4200,2,Sofia Mendez,
TCK-7091,2026-04-03T17:31:00.000Z,Pedido Online,0,4 km,1,2,desktop,efectivo,,"[{""product_id"":""2"",""name"":""Anillo Plata 925 Infinito"",""qty"":2,""price"":950,""line_total"":1900}]",pending,,1900,2026-06-18T00:00:00.000Z,1900,4,Patricia Solis,
TCK-7092,2026-04-04T14:47:00.000Z,Luis Hernandez,0,NULL,0,1,desktop,efectivo,,"[{""product_id"":""7"",""name"":""Pulsera Oro Eslabon Cubano"",""qty"":1,""price"":4200,""line_total"":4200}]",pending,,4200,2026-06-18T00:00:00.000Z,4200,5,Roberto Aguilar,
TCK-7093,2026-04-04T15:12:00.000Z,Pedido Online,0,NULL,0,3,desktop,transferencia,,"[{""product_id"":""5"",""name"":""Collar Oro Cadena Veneciana"",""qty"":2,""price"":3600,""line_total"":7200},{""product_id"":""10"",""name"":""Dije Plata Cruz Catolica"",""qty"":1,""price"":520,""line_total"":520}]",pending,,7720,2026-06-18T00:00:00.000Z,7720,4,Patricia Solis,
TCK-7094,2026-04-05T12:25:00.000Z,Maria Garcia,0,NULL,0,2,desktop,efectivo,,"[{""product_id"":""3"",""name"":""Aretes Oro Argolla Pequena"",""qty"":2,""price"":1800,""line_total"":3600}]",pending,,3600,2026-06-18T00:00:00.000Z,3600,4,Patricia Solis,
TCK-7095,2026-04-05T12:00:00.000Z,Regalo Aniversario,0,NULL,0,5,desktop,tarjeta,,"[{""product_id"":""9"",""name"":""Dije Oro Letra Inicial"",""qty"":2,""price"":1500,""line_total"":3000},{""product_id"":""4"",""name"":""Aretes Plata Perla Natural"",""qty"":1,""price"":1200,""line_total"":1200},{""product_id"":""11"",""name"":""Cadena Oro 50cm Barbada"",""qty"":2,""price"":5200,""line_total"":10400}]",pending,,14600,2026-06-18T00:00:00.000Z,14600,2,Sofia Mendez,
TCK-7096,2026-04-06T20:12:00.000Z,Pedido Online,0,NULL,0,3,desktop,tarjeta,,"[{""product_id"":""4"",""name"":""Aretes Plata Perla Natural"",""qty"":1,""price"":1200,""line_total"":1200},{""product_id"":""2"",""name"":""Anillo Plata 925 Infinito"",""qty"":2,""price"":950,""line_total"":1900}]",pending,,3100,2026-06-18T00:00:00.000Z,3100,2,Sofia Mendez,
TCK-7097,2026-04-07T20:22:00.000Z,Regalo Aniversario,0,NULL,0,4,desktop,efectivo,,"[{""product_id"":""5"",""name"":""Collar Oro Cadena Veneciana"",""qty"":1,""price"":3600,""line_total"":3600},{""product_id"":""13"",""name"":""Anillo Compromiso Diamante"",""qty"":1,""price"":18500,""line_total"":18500},{""product_id"":""14"",""name"":""Esclava Plata Personalizada"",""qty"":2,""price"":1450,""line_total"":2900}]",pending,,25000,2026-06-18T00:00:00.000Z,25000,2,Sofia Mendez,
TCK-7098,2026-04-07T11:52:00.000Z,Andrea L.,0,6 km,1,2,desktop,transferencia,,"[{""product_id"":""1"",""name"":""Anillo Oro 14k Solitario"",""qty"":2,""price"":4800,""line_total"":9600}]",pending,,9600,2026-06-18T00:00:00.000Z,9600,3,Andrea Vargas,
TCK-7099,2026-04-07T18:35:00.000Z,Cliente Frecuente,0,NULL,0,5,desktop,efectivo,,"[{""product_id"":""6"",""name"":""Collar Plata Dije Corazon"",""qty"":2,""price"":890,""line_total"":1780},{""product_id"":""3"",""name"":""Aretes Oro Argolla Pequena"",""qty"":1,""price"":1800,""line_total"":1800},{""product_id"":""10"",""name"":""Dije Plata Cruz Catolica"",""qty"":2,""price"":520,""line_total"":1040}]",pending,,4620,2026-06-18T00:00:00.000Z,4620,4,Patricia Solis,
TCK-7100,2026-04-07T17:44:00.000Z,Luis Hernandez,0,5 km,1,4,desktop,efectivo,,"[{""product_id"":""11"",""name"":""Cadena Oro 50cm Barbada"",""qty"":2,""price"":5200,""line_total"":10400},{""product_id"":""9"",""name"":""Dije Oro Letra Inicial"",""qty"":2,""price"":1500,""line_total"":3000}]",pending,,13400,2026-06-18T00:00:00.000Z,13400,3,Andrea Vargas,
TCK-7101,2026-04-08T16:41:00.000Z,Andrea L.,0,NULL,0,3,desktop,tarjeta,,"[{""product_id"":""1"",""name"":""Anillo Oro 14k Solitario"",""qty"":1,""price"":4800,""line_total"":4800},{""product_id"":""5"",""name"":""Collar Oro Cadena Veneciana"",""qty"":2,""price"":3600,""line_total"":7200}]",pending,,12000,2026-06-18T00:00:00.000Z,12000,4,Patricia Solis,
TCK-7102,2026-04-08T12:25:00.000Z,Cliente Nuevo,0,NULL,0,2,desktop,tarjeta,,"[{""product_id"":""1"",""name"":""Anillo Oro 14k Solitario"",""qty"":2,""price"":4800,""line_total"":9600}]",pending,,9600,2026-06-18T00:00:00.000Z,9600,5,Roberto Aguilar,
TCK-7103,2026-04-08T17:05:00.000Z,Pedido Online,0,NULL,0,2,desktop,efectivo,,"[{""product_id"":""3"",""name"":""Aretes Oro Argolla Pequena"",""qty"":2,""price"":1800,""line_total"":3600}]",pending,,3600,2026-06-18T00:00:00.000Z,3600,2,Sofia Mendez,
TCK-7104,2026-04-09T14:19:00.000Z,Cliente Nuevo,0,10 km,1,2,desktop,efectivo,,"[{""product_id"":""5"",""name"":""Collar Oro Cadena Veneciana"",""qty"":1,""price"":3600,""line_total"":3600},{""product_id"":""3"",""name"":""Aretes Oro Argolla Pequena"",""qty"":1,""price"":1800,""line_total"":1800}]",pending,,5400,2026-06-18T00:00:00.000Z,5400,3,Andrea Vargas,
TCK-7105,2026-04-09T20:44:00.000Z,Andrea L.,0,NULL,0,2,desktop,efectivo,,"[{""product_id"":""1"",""name"":""Anillo Oro 14k Solitario"",""qty"":1,""price"":4800,""line_total"":4800},{""product_id"":""10"",""name"":""Dije Plata Cruz Catolica"",""qty"":1,""price"":520,""line_total"":520}]",pending,,5320,2026-06-18T00:00:00.000Z,5320,5,Roberto Aguilar,
TCK-7106,2026-04-10T19:10:00.000Z,Cliente Frecuente,0,NULL,0,4,desktop,efectivo,,"[{""product_id"":""3"",""name"":""Aretes Oro Argolla Pequena"",""qty"":2,""price"":1800,""line_total"":3600},{""product_id"":""10"",""name"":""Dije Plata Cruz Catolica"",""qty"":2,""price"":520,""line_total"":1040}]",pending,,4640,2026-06-18T00:00:00.000Z,4640,3,Andrea Vargas,
TCK-7107,2026-04-10T11:42:00.000Z,Cliente Frecuente,0,NULL,0,2,desktop,efectivo,,"[{""product_id"":""4"",""name"":""Aretes Plata Perla Natural"",""qty"":2,""price"":1200,""line_total"":2400}]",pending,,2400,2026-06-18T00:00:00.000Z,2400,3,Andrea Vargas,
TCK-7108,2026-04-11T14:27:00.000Z,Cliente Nuevo,0,NULL,0,6,desktop,tarjeta,,"[{""product_id"":""8"",""name"":""Pulsera Plata Tejido Cuerda"",""qty"":2,""price"":780,""line_total"":1560},{""product_id"":""9"",""name"":""Dije Oro Letra Inicial"",""qty"":2,""price"":1500,""line_total"":3000},{""product_id"":""11"",""name"":""Cadena Oro 50cm Barbada"",""qty"":2,""price"":5200,""line_total"":10400}]",pending,,14960,2026-06-18T00:00:00.000Z,14960,4,Patricia Solis,
TCK-7109,2026-04-11T18:15:00.000Z,Cliente Nuevo,0,NULL,0,2,desktop,efectivo,,"[{""product_id"":""1"",""name"":""Anillo Oro 14k Solitario"",""qty"":2,""price"":4800,""line_total"":9600}]",pending,,9600,2026-06-18T00:00:00.000Z,9600,2,Sofia Mendez,
TCK-7110,2026-04-11T16:27:00.000Z,Cliente Frecuente,0,5 km,1,2,desktop,tarjeta,,"[{""product_id"":""13"",""name"":""Anillo Compromiso Diamante"",""qty"":2,""price"":18500,""line_total"":37000}]",pending,,37000,2026-06-18T00:00:00.000Z,37000,5,Roberto Aguilar,
TCK-7111,2026-04-11T12:59:00.000Z,Mostrador,0,NULL,0,3,desktop,efectivo,,"[{""product_id"":""9"",""name"":""Dije Oro Letra Inicial"",""qty"":2,""price"":1500,""line_total"":3000},{""product_id"":""15"",""name"":""Set Aretes Collar Cuarzo Rosa"",""qty"":1,""price"":2200,""line_total"":2200}]",pending,,5200,2026-06-18T00:00:00.000Z,5200,2,Sofia Mendez,
TCK-7112,2026-04-12T12:12:00.000Z,Pedido Online,0,NULL,0,5,desktop,efectivo,,"[{""product_id"":""13"",""name"":""Anillo Compromiso Diamante"",""qty"":1,""price"":18500,""line_total"":18500},{""product_id"":""3"",""name"":""Aretes Oro Argolla Pequena"",""qty"":2,""price"":1800,""line_total"":3600},{""product_id"":""1"",""name"":""Anillo Oro 14k Solitario"",""qty"":2,""price"":4800,""line_total"":9600}]",pending,,31700,2026-06-18T00:00:00.000Z,31700,2,Sofia Mendez,
TCK-7113,2026-04-12T15:10:00.000Z,Pedido Online,0,NULL,0,6,desktop,transferencia,,"[{""product_id"":""13"",""name"":""Anillo Compromiso Diamante"",""qty"":2,""price"":18500,""line_total"":37000},{""product_id"":""12"",""name"":""Cadena Plata 60cm Snake"",""qty"":2,""price"":1100,""line_total"":2200},{""product_id"":""4"",""name"":""Aretes Plata Perla Natural"",""qty"":2,""price"":1200,""line_total"":2400}]",pending,,41600,2026-06-18T00:00:00.000Z,41600,2,Sofia Mendez,
TCK-7114,2026-04-12T19:15:00.000Z,Mostrador,0,NULL,0,4,desktop,efectivo,,"[{""product_id"":""9"",""name"":""Dije Oro Letra Inicial"",""qty"":2,""price"":1500,""line_total"":3000},{""product_id"":""8"",""name"":""Pulsera Plata Tejido Cuerda"",""qty"":2,""price"":780,""line_total"":1560}]",pending,,4560,2026-06-18T00:00:00.000Z,4560,3,Andrea Vargas,
TCK-7115,2026-04-12T15:43:00.000Z,Andrea L.,0,NULL,0,2,desktop,tarjeta,,"[{""product_id"":""3"",""name"":""Aretes Oro Argolla Pequena"",""qty"":2,""price"":1800,""line_total"":3600}]",pending,,3600,2026-06-18T00:00:00.000Z,3600,5,Roberto Aguilar,
TCK-7116,2026-04-13T18:35:00.000Z,Andrea L.,0,NULL,0,3,desktop,transferencia,,"[{""product_id"":""2"",""name"":""Anillo Plata 925 Infinito"",""qty"":1,""price"":950,""line_total"":950},{""product_id"":""13"",""name"":""Anillo Compromiso Diamante"",""qty"":2,""price"":18500,""line_total"":37000}]",pending,,37950,2026-06-18T00:00:00.000Z,37950,2,Sofia Mendez,
TCK-7117,2026-04-13T16:21:00.000Z,Pedido Online,0,NULL,0,4,desktop,transferencia,,"[{""product_id"":""13"",""name"":""Anillo Compromiso Diamante"",""qty"":1,""price"":18500,""line_total"":18500},{""product_id"":""6"",""name"":""Collar Plata Dije Corazon"",""qty"":2,""price"":890,""line_total"":1780},{""product_id"":""5"",""name"":""Collar Oro Cadena Veneciana"",""qty"":1,""price"":3600,""line_total"":3600}]",pending,,23880,2026-06-18T00:00:00.000Z,23880,5,Roberto Aguilar,
TCK-7118,2026-04-14T20:59:00.000Z,Mostrador,0,NULL,0,3,desktop,transferencia,,"[{""product_id"":""14"",""name"":""Esclava Plata Personalizada"",""qty"":2,""price"":1450,""line_total"":2900},{""product_id"":""9"",""name"":""Dije Oro Letra Inicial"",""qty"":1,""price"":1500,""line_total"":1500}]",pending,,4400,2026-06-18T00:00:00.000Z,4400,4,Patricia Solis,
TCK-7119,2026-04-15T11:08:00.000Z,Maria Garcia,0,NULL,0,2,desktop,tarjeta,,"[{""product_id"":""5"",""name"":""Collar Oro Cadena Veneciana"",""qty"":2,""price"":3600,""line_total"":7200}]",pending,,7200,2026-06-18T00:00:00.000Z,7200,5,Roberto Aguilar,
TCK-7120,2026-04-15T15:06:00.000Z,Luis Hernandez,0,NULL,0,5,desktop,efectivo,,"[{""product_id"":""11"",""name"":""Cadena Oro 50cm Barbada"",""qty"":2,""price"":5200,""line_total"":10400},{""product_id"":""1"",""name"":""Anillo Oro 14k Solitario"",""qty"":1,""price"":4800,""line_total"":4800},{""product_id"":""14"",""name"":""Esclava Plata Personalizada"",""qty"":2,""price"":1450,""line_total"":2900}]",pending,,18100,2026-06-18T00:00:00.000Z,18100,2,Sofia Mendez,
TCK-7121,2026-04-16T13:28:00.000Z,Cliente Frecuente,0,6 km,1,1,desktop,tarjeta,,"[{""product_id"":""6"",""name"":""Collar Plata Dije Corazon"",""qty"":1,""price"":890,""line_total"":890}]",pending,,890,2026-06-18T00:00:00.000Z,890,5,Roberto Aguilar,
TCK-7122,2026-04-16T11:03:00.000Z,Maria Garcia,0,NULL,0,6,desktop,tarjeta,,"[{""product_id"":""3"",""name"":""Aretes Oro Argolla Pequena"",""qty"":2,""price"":1800,""line_total"":3600},{""product_id"":""14"",""name"":""Esclava Plata Personalizada"",""qty"":2,""price"":1450,""line_total"":2900},{""product_id"":""11"",""name"":""Cadena Oro 50cm Barbada"",""qty"":2,""price"":5200,""line_total"":10400}]",pending,,16900,2026-06-18T00:00:00.000Z,16900,4,Patricia Solis,
TCK-7123,2026-04-17T14:10:00.000Z,Cliente Frecuente,0,5 km,1,1,desktop,efectivo,,"[{""product_id"":""1"",""name"":""Anillo Oro 14k Solitario"",""qty"":1,""price"":4800,""line_total"":4800}]",pending,,4800,2026-06-18T00:00:00.000Z,4800,2,Sofia Mendez,
TCK-7124,2026-04-17T19:38:00.000Z,Pedido Online,0,NULL,0,2,desktop,tarjeta,,"[{""product_id"":""10"",""name"":""Dije Plata Cruz Catolica"",""qty"":2,""price"":520,""line_total"":1040}]",pending,,1040,2026-06-18T00:00:00.000Z,1040,3,Andrea Vargas,
TCK-7125,2026-04-18T11:24:00.000Z,Cliente Nuevo,0,NULL,0,2,desktop,tarjeta,,"[{""product_id"":""5"",""name"":""Collar Oro Cadena Veneciana"",""qty"":2,""price"":3600,""line_total"":7200}]",pending,,7200,2026-06-18T00:00:00.000Z,7200,2,Sofia Mendez,
TCK-7126,2026-04-18T12:16:00.000Z,Mostrador,0,NULL,0,1,desktop,tarjeta,,"[{""product_id"":""12"",""name"":""Cadena Plata 60cm Snake"",""qty"":1,""price"":1100,""line_total"":1100}]",pending,,1100,2026-06-18T00:00:00.000Z,1100,5,Roberto Aguilar,
TCK-7127,2026-04-18T19:43:00.000Z,Luis Hernandez,0,NULL,0,2,desktop,efectivo,,"[{""product_id"":""6"",""name"":""Collar Plata Dije Corazon"",""qty"":2,""price"":890,""line_total"":1780}]",pending,,1780,2026-06-18T00:00:00.000Z,1780,4,Patricia Solis,
TCK-7128,2026-04-19T14:53:00.000Z,Maria Garcia,0,NULL,0,4,desktop,tarjeta,,"[{""product_id"":""15"",""name"":""Set Aretes Collar Cuarzo Rosa"",""qty"":1,""price"":2200,""line_total"":2200},{""product_id"":""4"",""name"":""Aretes Plata Perla Natural"",""qty"":1,""price"":1200,""line_total"":1200},{""product_id"":""2"",""name"":""Anillo Plata 925 Infinito"",""qty"":2,""price"":950,""line_total"":1900}]",pending,,5300,2026-06-18T00:00:00.000Z,5300,2,Sofia Mendez,
TCK-7129,2026-04-19T19:30:00.000Z,Mostrador,0,NULL,0,3,desktop,tarjeta,,"[{""product_id"":""6"",""name"":""Collar Plata Dije Corazon"",""qty"":2,""price"":890,""line_total"":1780},{""product_id"":""10"",""name"":""Dije Plata Cruz Catolica"",""qty"":1,""price"":520,""line_total"":520}]",pending,,2300,2026-06-18T00:00:00.000Z,2300,3,Andrea Vargas,
TCK-7130,2026-04-19T20:04:00.000Z,Mostrador,0,NULL,0,2,desktop,tarjeta,,"[{""product_id"":""12"",""name"":""Cadena Plata 60cm Snake"",""qty"":1,""price"":1100,""line_total"":1100},{""product_id"":""4"",""name"":""Aretes Plata Perla Natural"",""qty"":1,""price"":1200,""line_total"":1200}]",pending,,2300,2026-06-18T00:00:00.000Z,2300,4,Patricia Solis,
TCK-7131,2026-04-20T11:01:00.000Z,Pedido Online,0,NULL,0,1,desktop,transferencia,,"[{""product_id"":""2"",""name"":""Anillo Plata 925 Infinito"",""qty"":1,""price"":950,""line_total"":950}]",pending,,950,2026-06-18T00:00:00.000Z,950,3,Andrea Vargas,
TCK-7132,2026-04-21T14:52:00.000Z,Maria Garcia,0,NULL,0,4,desktop,efectivo,,"[{""product_id"":""2"",""name"":""Anillo Plata 925 Infinito"",""qty"":1,""price"":950,""line_total"":950},{""product_id"":""12"",""name"":""Cadena Plata 60cm Snake"",""qty"":2,""price"":1100,""line_total"":2200},{""product_id"":""1"",""name"":""Anillo Oro 14k Solitario"",""qty"":1,""price"":4800,""line_total"":4800}]",pending,,7950,2026-06-18T00:00:00.000Z,7950,2,Sofia Mendez,
TCK-7133,2026-04-22T12:52:00.000Z,Cliente Nuevo,0,NULL,0,2,desktop,efectivo,,"[{""product_id"":""2"",""name"":""Anillo Plata 925 Infinito"",""qty"":2,""price"":950,""line_total"":1900}]",pending,,1900,2026-06-18T00:00:00.000Z,1900,2,Sofia Mendez,
TCK-7134,2026-04-22T16:27:00.000Z,Mostrador,0,NULL,0,2,desktop,tarjeta,,"[{""product_id"":""3"",""name"":""Aretes Oro Argolla Pequena"",""qty"":2,""price"":1800,""line_total"":3600}]",pending,,3600,2026-06-18T00:00:00.000Z,3600,2,Sofia Mendez,
TCK-7135,2026-04-23T20:32:00.000Z,Mostrador,0,NULL,0,4,desktop,transferencia,,"[{""product_id"":""15"",""name"":""Set Aretes Collar Cuarzo Rosa"",""qty"":2,""price"":2200,""line_total"":4400},{""product_id"":""5"",""name"":""Collar Oro Cadena Veneciana"",""qty"":2,""price"":3600,""line_total"":7200}]",pending,,11600,2026-06-18T00:00:00.000Z,11600,2,Sofia Mendez,
TCK-7136,2026-04-23T11:34:00.000Z,Luis Hernandez,0,NULL,0,2,desktop,transferencia,,"[{""product_id"":""1"",""name"":""Anillo Oro 14k Solitario"",""qty"":1,""price"":4800,""line_total"":4800},{""product_id"":""7"",""name"":""Pulsera Oro Eslabon Cubano"",""qty"":1,""price"":4200,""line_total"":4200}]",pending,,9000,2026-06-18T00:00:00.000Z,9000,2,Sofia Mendez,
TCK-7137,2026-04-23T11:00:00.000Z,Cliente Nuevo,0,NULL,0,2,desktop,efectivo,,"[{""product_id"":""7"",""name"":""Pulsera Oro Eslabon Cubano"",""qty"":2,""price"":4200,""line_total"":8400}]",pending,,8400,2026-06-18T00:00:00.000Z,8400,2,Sofia Mendez,
TCK-7138,2026-04-24T19:16:00.000Z,Maria Garcia,0,NULL,0,3,desktop,tarjeta,,"[{""product_id"":""12"",""name"":""Cadena Plata 60cm Snake"",""qty"":1,""price"":1100,""line_total"":1100},{""product_id"":""13"",""name"":""Anillo Compromiso Diamante"",""qty"":2,""price"":18500,""line_total"":37000}]",pending,,38100,2026-06-18T00:00:00.000Z,38100,3,Andrea Vargas,
TCK-7139,2026-04-25T19:50:00.000Z,Regalo Aniversario,0,NULL,0,3,desktop,tarjeta,,"[{""product_id"":""3"",""name"":""Aretes Oro Argolla Pequena"",""qty"":1,""price"":1800,""line_total"":1800},{""product_id"":""2"",""name"":""Anillo Plata 925 Infinito"",""qty"":2,""price"":950,""line_total"":1900}]",pending,,3700,2026-06-18T00:00:00.000Z,3700,2,Sofia Mendez,
TCK-7140,2026-04-25T11:23:00.000Z,Luis Hernandez,0,NULL,0,1,desktop,efectivo,,"[{""product_id"":""7"",""name"":""Pulsera Oro Eslabon Cubano"",""qty"":1,""price"":4200,""line_total"":4200}]",pending,,4200,2026-06-18T00:00:00.000Z,4200,5,Roberto Aguilar,
TCK-7141,2026-04-26T14:29:00.000Z,Regalo Aniversario,0,NULL,0,2,desktop,tarjeta,,"[{""product_id"":""15"",""name"":""Set Aretes Collar Cuarzo Rosa"",""qty"":1,""price"":2200,""line_total"":2200},{""product_id"":""9"",""name"":""Dije Oro Letra Inicial"",""qty"":1,""price"":1500,""line_total"":1500}]",pending,,3700,2026-06-18T00:00:00.000Z,3700,3,Andrea Vargas,
TCK-7142,2026-04-26T13:29:00.000Z,Pedido Online,0,NULL,0,5,desktop,efectivo,,"[{""product_id"":""6"",""name"":""Collar Plata Dije Corazon"",""qty"":2,""price"":890,""line_total"":1780},{""product_id"":""9"",""name"":""Dije Oro Letra Inicial"",""qty"":2,""price"":1500,""line_total"":3000},{""product_id"":""3"",""name"":""Aretes Oro Argolla Pequena"",""qty"":1,""price"":1800,""line_total"":1800}]",pending,,6580,2026-06-18T00:00:00.000Z,6580,5,Roberto Aguilar,
TCK-7143,2026-04-26T15:48:00.000Z,Maria Garcia,0,NULL,0,2,desktop,efectivo,,"[{""product_id"":""8"",""name"":""Pulsera Plata Tejido Cuerda"",""qty"":1,""price"":780,""line_total"":780},{""product_id"":""11"",""name"":""Cadena Oro 50cm Barbada"",""qty"":1,""price"":5200,""line_total"":5200}]",pending,,5980,2026-06-18T00:00:00.000Z,5980,3,Andrea Vargas,
TCK-7144,2026-04-27T15:46:00.000Z,Maria Garcia,0,NULL,0,3,desktop,transferencia,,"[{""product_id"":""9"",""name"":""Dije Oro Letra Inicial"",""qty"":1,""price"":1500,""line_total"":1500},{""product_id"":""6"",""name"":""Collar Plata Dije Corazon"",""qty"":1,""price"":890,""line_total"":890},{""product_id"":""3"",""name"":""Aretes Oro Argolla Pequena"",""qty"":1,""price"":1800,""line_total"":1800}]",pending,,4190,2026-06-18T00:00:00.000Z,4190,3,Andrea Vargas,
TCK-7145,2026-04-27T14:06:00.000Z,Maria Garcia,0,NULL,0,3,desktop,transferencia,,"[{""product_id"":""3"",""name"":""Aretes Oro Argolla Pequena"",""qty"":1,""price"":1800,""line_total"":1800},{""product_id"":""15"",""name"":""Set Aretes Collar Cuarzo Rosa"",""qty"":2,""price"":2200,""line_total"":4400}]",pending,,6200,2026-06-18T00:00:00.000Z,6200,4,Patricia Solis,
TCK-7146,2026-04-27T17:44:00.000Z,Cliente Nuevo,0,NULL,0,3,desktop,tarjeta,,"[{""product_id"":""8"",""name"":""Pulsera Plata Tejido Cuerda"",""qty"":1,""price"":780,""line_total"":780},{""product_id"":""1"",""name"":""Anillo Oro 14k Solitario"",""qty"":2,""price"":4800,""line_total"":9600}]",pending,,10380,2026-06-18T00:00:00.000Z,10380,2,Sofia Mendez,
TCK-7147,2026-04-28T17:44:00.000Z,Maria Garcia,0,NULL,0,2,desktop,efectivo,,"[{""product_id"":""5"",""name"":""Collar Oro Cadena Veneciana"",""qty"":2,""price"":3600,""line_total"":7200}]",pending,,7200,2026-06-18T00:00:00.000Z,7200,5,Roberto Aguilar,
TCK-7148,2026-04-29T12:57:00.000Z,Pedido Online,0,NULL,0,5,desktop,tarjeta,,"[{""product_id"":""3"",""name"":""Aretes Oro Argolla Pequena"",""qty"":2,""price"":1800,""line_total"":3600},{""product_id"":""11"",""name"":""Cadena Oro 50cm Barbada"",""qty"":1,""price"":5200,""line_total"":5200},{""product_id"":""2"",""name"":""Anillo Plata 925 Infinito"",""qty"":2,""price"":950,""line_total"":1900}]",pending,,10700,2026-06-18T00:00:00.000Z,10700,5,Roberto Aguilar,
TCK-7149,2026-04-29T19:43:00.000Z,Mostrador,0,9 km,1,3,desktop,tarjeta,,"[{""product_id"":""14"",""name"":""Esclava Plata Personalizada"",""qty"":1,""price"":1450,""line_total"":1450},{""product_id"":""7"",""name"":""Pulsera Oro Eslabon Cubano"",""qty"":2,""price"":4200,""line_total"":8400}]",pending,,9850,2026-06-18T00:00:00.000Z,9850,5,Roberto Aguilar,
TCK-7150,2026-04-30T13:45:00.000Z,Cliente Frecuente,0,NULL,0,3,desktop,transferencia,,"[{""product_id"":""15"",""name"":""Set Aretes Collar Cuarzo Rosa"",""qty"":1,""price"":2200,""line_total"":2200},{""product_id"":""2"",""name"":""Anillo Plata 925 Infinito"",""qty"":2,""price"":950,""line_total"":1900}]",pending,,4100,2026-06-18T00:00:00.000Z,4100,2,Sofia Mendez,
TCK-7151,2026-04-30T19:21:00.000Z,Pedido Online,0,8 km,1,5,desktop,efectivo,,"[{""product_id"":""8"",""name"":""Pulsera Plata Tejido Cuerda"",""qty"":2,""price"":780,""line_total"":1560},{""product_id"":""9"",""name"":""Dije Oro Letra Inicial"",""qty"":2,""price"":1500,""line_total"":3000},{""product_id"":""4"",""name"":""Aretes Plata Perla Natural"",""qty"":1,""price"":1200,""line_total"":1200}]",pending,,5760,2026-06-18T00:00:00.000Z,5760,5,Roberto Aguilar,
TCK-7152,2026-04-30T11:16:00.000Z,Andrea L.,0,NULL,0,4,desktop,efectivo,,"[{""product_id"":""9"",""name"":""Dije Oro Letra Inicial"",""qty"":2,""price"":1500,""line_total"":3000},{""product_id"":""13"",""name"":""Anillo Compromiso Diamante"",""qty"":2,""price"":18500,""line_total"":37000}]",pending,,40000,2026-06-18T00:00:00.000Z,40000,2,Sofia Mendez,
TCK-7153,2026-04-30T16:37:00.000Z,Cliente Frecuente,0,NULL,0,2,desktop,tarjeta,,"[{""product_id"":""1"",""name"":""Anillo Oro 14k Solitario"",""qty"":2,""price"":4800,""line_total"":9600}]",pending,,9600,2026-06-18T00:00:00.000Z,9600,2,Sofia Mendez,
TCK-7154,2026-05-01T13:08:00.000Z,Cliente Nuevo,0,NULL,0,2,desktop,tarjeta,,"[{""product_id"":""12"",""name"":""Cadena Plata 60cm Snake"",""qty"":1,""price"":1100,""line_total"":1100},{""product_id"":""7"",""name"":""Pulsera Oro Eslabon Cubano"",""qty"":1,""price"":4200,""line_total"":4200}]",pending,,5300,2026-06-18T00:00:00.000Z,5300,3,Andrea Vargas,
TCK-7155,2026-05-01T17:29:00.000Z,Regalo Aniversario,0,NULL,0,5,desktop,transferencia,,"[{""product_id"":""9"",""name"":""Dije Oro Letra Inicial"",""qty"":2,""price"":1500,""line_total"":3000},{""product_id"":""12"",""name"":""Cadena Plata 60cm Snake"",""qty"":1,""price"":1100,""line_total"":1100},{""product_id"":""4"",""name"":""Aretes Plata Perla Natural"",""qty"":2,""price"":1200,""line_total"":2400}]",pending,,6500,2026-06-18T00:00:00.000Z,6500,3,Andrea Vargas,
TCK-7156,2026-05-02T18:00:00.000Z,Maria Garcia,0,NULL,0,4,desktop,tarjeta,,"[{""product_id"":""12"",""name"":""Cadena Plata 60cm Snake"",""qty"":2,""price"":1100,""line_total"":2200},{""product_id"":""7"",""name"":""Pulsera Oro Eslabon Cubano"",""qty"":2,""price"":4200,""line_total"":8400}]",pending,,10600,2026-06-18T00:00:00.000Z,10600,4,Patricia Solis,
TCK-7157,2026-05-02T12:42:00.000Z,Andrea L.,0,NULL,0,5,desktop,tarjeta,,"[{""product_id"":""5"",""name"":""Collar Oro Cadena Veneciana"",""qty"":2,""price"":3600,""line_total"":7200},{""product_id"":""6"",""name"":""Collar Plata Dije Corazon"",""qty"":1,""price"":890,""line_total"":890},{""product_id"":""8"",""name"":""Pulsera Plata Tejido Cuerda"",""qty"":2,""price"":780,""line_total"":1560}]",pending,,9650,2026-06-18T00:00:00.000Z,9650,5,Roberto Aguilar,
TCK-7158,2026-05-03T16:40:00.000Z,Mostrador,0,NULL,0,1,desktop,tarjeta,,"[{""product_id"":""14"",""name"":""Esclava Plata Personalizada"",""qty"":1,""price"":1450,""line_total"":1450}]",pending,,1450,2026-06-18T00:00:00.000Z,1450,4,Patricia Solis,
TCK-7159,2026-05-04T20:09:00.000Z,Pedido Online,0,NULL,0,1,desktop,transferencia,,"[{""product_id"":""11"",""name"":""Cadena Oro 50cm Barbada"",""qty"":1,""price"":5200,""line_total"":5200}]",pending,,5200,2026-06-18T00:00:00.000Z,5200,4,Patricia Solis,
TCK-7160,2026-05-04T19:10:00.000Z,Maria Garcia,0,NULL,0,3,desktop,tarjeta,,"[{""product_id"":""6"",""name"":""Collar Plata Dije Corazon"",""qty"":1,""price"":890,""line_total"":890},{""product_id"":""13"",""name"":""Anillo Compromiso Diamante"",""qty"":2,""price"":18500,""line_total"":37000}]",pending,,37890,2026-06-18T00:00:00.000Z,37890,3,Andrea Vargas,
TCK-7161,2026-05-05T15:26:00.000Z,Cliente Nuevo,0,NULL,0,4,desktop,efectivo,,"[{""product_id"":""4"",""name"":""Aretes Plata Perla Natural"",""qty"":1,""price"":1200,""line_total"":1200},{""product_id"":""9"",""name"":""Dije Oro Letra Inicial"",""qty"":1,""price"":1500,""line_total"":1500},{""product_id"":""2"",""name"":""Anillo Plata 925 Infinito"",""qty"":2,""price"":950,""line_total"":1900}]",pending,,4600,2026-06-18T00:00:00.000Z,4600,5,Roberto Aguilar,
TCK-7162,2026-05-05T13:34:00.000Z,Cliente Nuevo,0,NULL,0,4,desktop,tarjeta,,"[{""product_id"":""1"",""name"":""Anillo Oro 14k Solitario"",""qty"":1,""price"":4800,""line_total"":4800},{""product_id"":""8"",""name"":""Pulsera Plata Tejido Cuerda"",""qty"":1,""price"":780,""line_total"":780},{""product_id"":""14"",""name"":""Esclava Plata Personalizada"",""qty"":2,""price"":1450,""line_total"":2900}]",pending,,8480,2026-06-18T00:00:00.000Z,8480,3,Andrea Vargas,
TCK-7163,2026-05-05T17:43:00.000Z,Mostrador,0,NULL,0,4,desktop,tarjeta,,"[{""product_id"":""10"",""name"":""Dije Plata Cruz Catolica"",""qty"":1,""price"":520,""line_total"":520},{""product_id"":""8"",""name"":""Pulsera Plata Tejido Cuerda"",""qty"":1,""price"":780,""line_total"":780},{""product_id"":""11"",""name"":""Cadena Oro 50cm Barbada"",""qty"":2,""price"":5200,""line_total"":10400}]",pending,,11700,2026-06-18T00:00:00.000Z,11700,4,Patricia Solis,
TCK-7164,2026-05-05T12:32:00.000Z,Cliente Nuevo,0,NULL,0,2,desktop,transferencia,,"[{""product_id"":""10"",""name"":""Dije Plata Cruz Catolica"",""qty"":2,""price"":520,""line_total"":1040}]",pending,,1040,2026-06-18T00:00:00.000Z,1040,2,Sofia Mendez,
TCK-7165,2026-05-06T16:21:00.000Z,Maria Garcia,0,NULL,0,2,desktop,tarjeta,,"[{""product_id"":""4"",""name"":""Aretes Plata Perla Natural"",""qty"":2,""price"":1200,""line_total"":2400}]",pending,,2400,2026-06-18T00:00:00.000Z,2400,5,Roberto Aguilar,
TCK-7166,2026-05-06T15:18:00.000Z,Andrea L.,0,NULL,0,4,desktop,transferencia,,"[{""product_id"":""7"",""name"":""Pulsera Oro Eslabon Cubano"",""qty"":2,""price"":4200,""line_total"":8400},{""product_id"":""6"",""name"":""Collar Plata Dije Corazon"",""qty"":2,""price"":890,""line_total"":1780}]",pending,,10180,2026-06-18T00:00:00.000Z,10180,5,Roberto Aguilar,
TCK-7167,2026-05-07T12:21:00.000Z,Pedido Online,0,NULL,0,5,desktop,tarjeta,,"[{""product_id"":""5"",""name"":""Collar Oro Cadena Veneciana"",""qty"":1,""price"":3600,""line_total"":3600},{""product_id"":""14"",""name"":""Esclava Plata Personalizada"",""qty"":2,""price"":1450,""line_total"":2900},{""product_id"":""9"",""name"":""Dije Oro Letra Inicial"",""qty"":2,""price"":1500,""line_total"":3000}]",pending,,9500,2026-06-18T00:00:00.000Z,9500,4,Patricia Solis,
TCK-7168,2026-05-07T17:34:00.000Z,Cliente Frecuente,0,NULL,0,5,desktop,tarjeta,,"[{""product_id"":""11"",""name"":""Cadena Oro 50cm Barbada"",""qty"":1,""price"":5200,""line_total"":5200},{""product_id"":""2"",""name"":""Anillo Plata 925 Infinito"",""qty"":2,""price"":950,""line_total"":1900},{""product_id"":""13"",""name"":""Anillo Compromiso Diamante"",""qty"":2,""price"":18500,""line_total"":37000}]",pending,,44100,2026-06-18T00:00:00.000Z,44100,2,Sofia Mendez,
TCK-7169,2026-05-07T11:50:00.000Z,Pedido Online,0,NULL,0,2,desktop,tarjeta,,"[{""product_id"":""1"",""name"":""Anillo Oro 14k Solitario"",""qty"":2,""price"":4800,""line_total"":9600}]",pending,,9600,2026-06-18T00:00:00.000Z,9600,3,Andrea Vargas,
TCK-7170,2026-05-08T11:26:00.000Z,Mostrador,0,5 km,1,1,desktop,tarjeta,,"[{""product_id"":""1"",""name"":""Anillo Oro 14k Solitario"",""qty"":1,""price"":4800,""line_total"":4800}]",pending,,4800,2026-06-18T00:00:00.000Z,4800,5,Roberto Aguilar,
TCK-7171,2026-05-09T15:11:00.000Z,Mostrador,0,NULL,0,2,desktop,efectivo,,"[{""product_id"":""13"",""name"":""Anillo Compromiso Diamante"",""qty"":2,""price"":18500,""line_total"":37000}]",pending,,37000,2026-06-18T00:00:00.000Z,37000,4,Patricia Solis,
TCK-7172,2026-05-09T11:52:00.000Z,Andrea L.,0,NULL,0,3,desktop,tarjeta,,"[{""product_id"":""1"",""name"":""Anillo Oro 14k Solitario"",""qty"":1,""price"":4800,""line_total"":4800},{""product_id"":""7"",""name"":""Pulsera Oro Eslabon Cubano"",""qty"":2,""price"":4200,""line_total"":8400}]",pending,,13200,2026-06-18T00:00:00.000Z,13200,2,Sofia Mendez,
TCK-7173,2026-05-09T13:30:00.000Z,Cliente Frecuente,0,NULL,0,3,desktop,efectivo,,"[{""product_id"":""2"",""name"":""Anillo Plata 925 Infinito"",""qty"":2,""price"":950,""line_total"":1900},{""product_id"":""1"",""name"":""Anillo Oro 14k Solitario"",""qty"":1,""price"":4800,""line_total"":4800}]",pending,,6700,2026-06-18T00:00:00.000Z,6700,5,Roberto Aguilar,
TCK-7174,2026-05-10T11:43:00.000Z,Cliente Frecuente,0,NULL,0,1,desktop,efectivo,,"[{""product_id"":""15"",""name"":""Set Aretes Collar Cuarzo Rosa"",""qty"":1,""price"":2200,""line_total"":2200}]",pending,,2200,2026-06-18T00:00:00.000Z,2200,3,Andrea Vargas,
TCK-7175,2026-05-10T15:46:00.000Z,Cliente Nuevo,0,NULL,0,1,desktop,tarjeta,,"[{""product_id"":""14"",""name"":""Esclava Plata Personalizada"",""qty"":1,""price"":1450,""line_total"":1450}]",pending,,1450,2026-06-18T00:00:00.000Z,1450,2,Sofia Mendez,
TCK-7176,2026-05-10T12:18:00.000Z,Mostrador,0,NULL,0,6,desktop,tarjeta,,"[{""product_id"":""12"",""name"":""Cadena Plata 60cm Snake"",""qty"":2,""price"":1100,""line_total"":2200},{""product_id"":""3"",""name"":""Aretes Oro Argolla Pequena"",""qty"":2,""price"":1800,""line_total"":3600},{""product_id"":""1"",""name"":""Anillo Oro 14k Solitario"",""qty"":2,""price"":4800,""line_total"":9600}]",pending,,15400,2026-06-18T00:00:00.000Z,15400,4,Patricia Solis,
TCK-7177,2026-05-10T15:46:00.000Z,Regalo Aniversario,0,7 km,1,4,desktop,efectivo,,"[{""product_id"":""1"",""name"":""Anillo Oro 14k Solitario"",""qty"":1,""price"":4800,""line_total"":4800},{""product_id"":""15"",""name"":""Set Aretes Collar Cuarzo Rosa"",""qty"":2,""price"":2200,""line_total"":4400},{""product_id"":""14"",""name"":""Esclava Plata Personalizada"",""qty"":1,""price"":1450,""line_total"":1450}]",pending,,10650,2026-06-18T00:00:00.000Z,10650,2,Sofia Mendez,
TCK-7178,2026-05-11T12:23:00.000Z,Andrea L.,0,NULL,0,5,desktop,tarjeta,,"[{""product_id"":""12"",""name"":""Cadena Plata 60cm Snake"",""qty"":1,""price"":1100,""line_total"":1100},{""product_id"":""8"",""name"":""Pulsera Plata Tejido Cuerda"",""qty"":2,""price"":780,""line_total"":1560},{""product_id"":""14"",""name"":""Esclava Plata Personalizada"",""qty"":2,""price"":1450,""line_total"":2900}]",pending,,5560,2026-06-18T00:00:00.000Z,5560,3,Andrea Vargas,
TCK-7179,2026-05-11T20:41:00.000Z,Pedido Online,0,NULL,0,3,desktop,transferencia,,"[{""product_id"":""5"",""name"":""Collar Oro Cadena Veneciana"",""qty"":2,""price"":3600,""line_total"":7200},{""product_id"":""13"",""name"":""Anillo Compromiso Diamante"",""qty"":1,""price"":18500,""line_total"":18500}]",pending,,25700,2026-06-18T00:00:00.000Z,25700,4,Patricia Solis,
TCK-7180,2026-05-11T17:38:00.000Z,Mostrador,0,NULL,0,5,desktop,tarjeta,,"[{""product_id"":""14"",""name"":""Esclava Plata Personalizada"",""qty"":1,""price"":1450,""line_total"":1450},{""product_id"":""5"",""name"":""Collar Oro Cadena Veneciana"",""qty"":2,""price"":3600,""line_total"":7200},{""product_id"":""10"",""name"":""Dije Plata Cruz Catolica"",""qty"":2,""price"":520,""line_total"":1040}]",pending,,9690,2026-06-18T00:00:00.000Z,9690,5,Roberto Aguilar,
TCK-7181,2026-05-12T11:18:00.000Z,Luis Hernandez,0,NULL,0,2,desktop,efectivo,,"[{""product_id"":""5"",""name"":""Collar Oro Cadena Veneciana"",""qty"":1,""price"":3600,""line_total"":3600},{""product_id"":""7"",""name"":""Pulsera Oro Eslabon Cubano"",""qty"":1,""price"":4200,""line_total"":4200}]",pending,,7800,2026-06-18T00:00:00.000Z,7800,3,Andrea Vargas,
TCK-7182,2026-05-12T18:51:00.000Z,Luis Hernandez,0,11 km,1,4,desktop,efectivo,,"[{""product_id"":""11"",""name"":""Cadena Oro 50cm Barbada"",""qty"":2,""price"":5200,""line_total"":10400},{""product_id"":""13"",""name"":""Anillo Compromiso Diamante"",""qty"":1,""price"":18500,""line_total"":18500},{""product_id"":""8"",""name"":""Pulsera Plata Tejido Cuerda"",""qty"":1,""price"":780,""line_total"":780}]",pending,,29680,2026-06-18T00:00:00.000Z,29680,4,Patricia Solis,
TCK-7183,2026-05-12T20:48:00.000Z,Cliente Frecuente,0,NULL,0,5,desktop,tarjeta,,"[{""product_id"":""1"",""name"":""Anillo Oro 14k Solitario"",""qty"":1,""price"":4800,""line_total"":4800},{""product_id"":""11"",""name"":""Cadena Oro 50cm Barbada"",""qty"":2,""price"":5200,""line_total"":10400},{""product_id"":""7"",""name"":""Pulsera Oro Eslabon Cubano"",""qty"":2,""price"":4200,""line_total"":8400}]",pending,,23600,2026-06-18T00:00:00.000Z,23600,5,Roberto Aguilar,
TCK-7184,2026-05-13T15:56:00.000Z,Cliente Nuevo,0,NULL,0,2,desktop,efectivo,,"[{""product_id"":""4"",""name"":""Aretes Plata Perla Natural"",""qty"":2,""price"":1200,""line_total"":2400}]",pending,,2400,2026-06-18T00:00:00.000Z,2400,5,Roberto Aguilar,
TCK-7185,2026-05-13T16:36:00.000Z,Maria Garcia,0,7 km,1,5,desktop,tarjeta,,"[{""product_id"":""10"",""name"":""Dije Plata Cruz Catolica"",""qty"":2,""price"":520,""line_total"":1040},{""product_id"":""4"",""name"":""Aretes Plata Perla Natural"",""qty"":2,""price"":1200,""line_total"":2400},{""product_id"":""14"",""name"":""Esclava Plata Personalizada"",""qty"":1,""price"":1450,""line_total"":1450}]",pending,,4890,2026-06-18T00:00:00.000Z,4890,3,Andrea Vargas,
TCK-7186,2026-05-13T16:40:00.000Z,Cliente Frecuente,0,NULL,0,2,desktop,transferencia,,"[{""product_id"":""15"",""name"":""Set Aretes Collar Cuarzo Rosa"",""qty"":2,""price"":2200,""line_total"":4400}]",pending,,4400,2026-06-18T00:00:00.000Z,4400,5,Roberto Aguilar,
TCK-7187,2026-05-14T11:06:00.000Z,Cliente Nuevo,0,NULL,0,2,desktop,transferencia,,"[{""product_id"":""10"",""name"":""Dije Plata Cruz Catolica"",""qty"":1,""price"":520,""line_total"":520},{""product_id"":""1"",""name"":""Anillo Oro 14k Solitario"",""qty"":1,""price"":4800,""line_total"":4800}]",pending,,5320,2026-06-18T00:00:00.000Z,5320,4,Patricia Solis,
TCK-7188,2026-05-14T20:52:00.000Z,Regalo Aniversario,0,10 km,1,4,desktop,tarjeta,,"[{""product_id"":""10"",""name"":""Dije Plata Cruz Catolica"",""qty"":1,""price"":520,""line_total"":520},{""product_id"":""4"",""name"":""Aretes Plata Perla Natural"",""qty"":2,""price"":1200,""line_total"":2400},{""product_id"":""5"",""name"":""Collar Oro Cadena Veneciana"",""qty"":1,""price"":3600,""line_total"":3600}]",pending,,6520,2026-06-18T00:00:00.000Z,6520,4,Patricia Solis,
TCK-7189,2026-05-15T16:55:00.000Z,Cliente Nuevo,0,11 km,1,2,desktop,efectivo,,"[{""product_id"":""7"",""name"":""Pulsera Oro Eslabon Cubano"",""qty"":2,""price"":4200,""line_total"":8400}]",pending,,8400,2026-06-18T00:00:00.000Z,8400,2,Sofia Mendez,
TCK-7190,2026-05-15T12:16:00.000Z,Maria Garcia,0,NULL,0,2,desktop,efectivo,,"[{""product_id"":""14"",""name"":""Esclava Plata Personalizada"",""qty"":2,""price"":1450,""line_total"":2900}]",pending,,2900,2026-06-18T00:00:00.000Z,2900,5,Roberto Aguilar,
TCK-7191,2026-05-16T14:46:00.000Z,Luis Hernandez,0,NULL,0,3,desktop,tarjeta,,"[{""product_id"":""9"",""name"":""Dije Oro Letra Inicial"",""qty"":1,""price"":1500,""line_total"":1500},{""product_id"":""7"",""name"":""Pulsera Oro Eslabon Cubano"",""qty"":1,""price"":4200,""line_total"":4200},{""product_id"":""3"",""name"":""Aretes Oro Argolla Pequena"",""qty"":1,""price"":1800,""line_total"":1800}]",pending,,7500,2026-06-18T00:00:00.000Z,7500,5,Roberto Aguilar,
TCK-7192,2026-05-17T19:45:00.000Z,Mostrador,0,NULL,0,2,desktop,efectivo,,"[{""product_id"":""15"",""name"":""Set Aretes Collar Cuarzo Rosa"",""qty"":2,""price"":2200,""line_total"":4400}]",pending,,4400,2026-06-18T00:00:00.000Z,4400,2,Sofia Mendez,
TCK-7193,2026-05-17T15:37:00.000Z,Cliente Frecuente,0,NULL,0,2,desktop,efectivo,,"[{""product_id"":""3"",""name"":""Aretes Oro Argolla Pequena"",""qty"":2,""price"":1800,""line_total"":3600}]",pending,,3600,2026-06-18T00:00:00.000Z,3600,4,Patricia Solis,
TCK-7194,2026-05-17T17:10:00.000Z,Pedido Online,0,10 km,1,3,desktop,tarjeta,,"[{""product_id"":""6"",""name"":""Collar Plata Dije Corazon"",""qty"":2,""price"":890,""line_total"":1780},{""product_id"":""15"",""name"":""Set Aretes Collar Cuarzo Rosa"",""qty"":1,""price"":2200,""line_total"":2200}]",pending,,3980,2026-06-18T00:00:00.000Z,3980,4,Patricia Solis,
TCK-7195,2026-05-18T14:04:00.000Z,Cliente Nuevo,0,NULL,0,3,desktop,tarjeta,,"[{""product_id"":""12"",""name"":""Cadena Plata 60cm Snake"",""qty"":2,""price"":1100,""line_total"":2200},{""product_id"":""4"",""name"":""Aretes Plata Perla Natural"",""qty"":1,""price"":1200,""line_total"":1200}]",pending,,3400,2026-06-18T00:00:00.000Z,3400,2,Sofia Mendez,
TCK-7196,2026-05-19T16:52:00.000Z,Cliente Frecuente,0,NULL,0,3,desktop,tarjeta,,"[{""product_id"":""14"",""name"":""Esclava Plata Personalizada"",""qty"":1,""price"":1450,""line_total"":1450},{""product_id"":""1"",""name"":""Anillo Oro 14k Solitario"",""qty"":2,""price"":4800,""line_total"":9600}]",pending,,11050,2026-06-18T00:00:00.000Z,11050,2,Sofia Mendez,
TCK-7197,2026-05-20T18:35:00.000Z,Cliente Nuevo,0,NULL,0,1,desktop,efectivo,,"[{""product_id"":""6"",""name"":""Collar Plata Dije Corazon"",""qty"":1,""price"":890,""line_total"":890}]",pending,,890,2026-06-18T00:00:00.000Z,890,3,Andrea Vargas,
TCK-7198,2026-05-20T11:17:00.000Z,Regalo Aniversario,0,NULL,0,2,desktop,tarjeta,,"[{""product_id"":""5"",""name"":""Collar Oro Cadena Veneciana"",""qty"":2,""price"":3600,""line_total"":7200}]",pending,,7200,2026-06-18T00:00:00.000Z,7200,5,Roberto Aguilar,
TCK-7199,2026-05-20T18:07:00.000Z,Mostrador,0,NULL,0,1,desktop,efectivo,,"[{""product_id"":""5"",""name"":""Collar Oro Cadena Veneciana"",""qty"":1,""price"":3600,""line_total"":3600}]",pending,,3600,2026-06-18T00:00:00.000Z,3600,5,Roberto Aguilar,
TCK-7200,2026-05-21T16:27:00.000Z,Cliente Frecuente,0,NULL,0,4,desktop,transferencia,,"[{""product_id"":""8"",""name"":""Pulsera Plata Tejido Cuerda"",""qty"":2,""price"":780,""line_total"":1560},{""product_id"":""14"",""name"":""Esclava Plata Personalizada"",""qty"":1,""price"":1450,""line_total"":1450},{""product_id"":""5"",""name"":""Collar Oro Cadena Veneciana"",""qty"":1,""price"":3600,""line_total"":3600}]",pending,,6610,2026-06-18T00:00:00.000Z,6610,2,Sofia Mendez,
TCK-7201,2026-05-21T15:09:00.000Z,Regalo Aniversario,0,NULL,0,3,desktop,efectivo,,"[{""product_id"":""5"",""name"":""Collar Oro Cadena Veneciana"",""qty"":1,""price"":3600,""line_total"":3600},{""product_id"":""7"",""name"":""Pulsera Oro Eslabon Cubano"",""qty"":2,""price"":4200,""line_total"":8400}]",pending,,12000,2026-06-18T00:00:00.000Z,12000,3,Andrea Vargas,
TCK-7202,2026-05-22T11:58:00.000Z,Luis Hernandez,0,NULL,0,3,desktop,tarjeta,,"[{""product_id"":""1"",""name"":""Anillo Oro 14k Solitario"",""qty"":2,""price"":4800,""line_total"":9600},{""product_id"":""13"",""name"":""Anillo Compromiso Diamante"",""qty"":1,""price"":18500,""line_total"":18500}]",pending,,28100,2026-06-18T00:00:00.000Z,28100,4,Patricia Solis,
TCK-7203,2026-05-22T12:53:00.000Z,Pedido Online,0,NULL,0,5,desktop,tarjeta,,"[{""product_id"":""3"",""name"":""Aretes Oro Argolla Pequena"",""qty"":1,""price"":1800,""line_total"":1800},{""product_id"":""15"",""name"":""Set Aretes Collar Cuarzo Rosa"",""qty"":2,""price"":2200,""line_total"":4400},{""product_id"":""14"",""name"":""Esclava Plata Personalizada"",""qty"":2,""price"":1450,""line_total"":2900}]",pending,,9100,2026-06-18T00:00:00.000Z,9100,3,Andrea Vargas,
TCK-7204,2026-05-23T11:04:00.000Z,Mostrador,0,NULL,0,2,desktop,efectivo,,"[{""product_id"":""10"",""name"":""Dije Plata Cruz Catolica"",""qty"":2,""price"":520,""line_total"":1040}]",pending,,1040,2026-06-18T00:00:00.000Z,1040,3,Andrea Vargas,
TCK-7205,2026-05-23T18:08:00.000Z,Regalo Aniversario,0,9 km,1,4,desktop,tarjeta,,"[{""product_id"":""13"",""name"":""Anillo Compromiso Diamante"",""qty"":2,""price"":18500,""line_total"":37000},{""product_id"":""6"",""name"":""Collar Plata Dije Corazon"",""qty"":1,""price"":890,""line_total"":890},{""product_id"":""14"",""name"":""Esclava Plata Personalizada"",""qty"":1,""price"":1450,""line_total"":1450}]",pending,,39340,2026-06-18T00:00:00.000Z,39340,4,Patricia Solis,
TCK-7206,2026-05-24T11:22:00.000Z,Cliente Frecuente,0,NULL,0,2,desktop,efectivo,,"[{""product_id"":""12"",""name"":""Cadena Plata 60cm Snake"",""qty"":2,""price"":1100,""line_total"":2200}]",pending,,2200,2026-06-18T00:00:00.000Z,2200,4,Patricia Solis,
TCK-7207,2026-05-25T11:18:00.000Z,Cliente Nuevo,0,NULL,0,3,desktop,tarjeta,,"[{""product_id"":""12"",""name"":""Cadena Plata 60cm Snake"",""qty"":1,""price"":1100,""line_total"":1100},{""product_id"":""4"",""name"":""Aretes Plata Perla Natural"",""qty"":2,""price"":1200,""line_total"":2400}]",pending,,3500,2026-06-18T00:00:00.000Z,3500,4,Patricia Solis,
TCK-7208,2026-05-26T14:39:00.000Z,Luis Hernandez,0,NULL,0,3,desktop,tarjeta,,"[{""product_id"":""13"",""name"":""Anillo Compromiso Diamante"",""qty"":1,""price"":18500,""line_total"":18500},{""product_id"":""9"",""name"":""Dije Oro Letra Inicial"",""qty"":1,""price"":1500,""line_total"":1500},{""product_id"":""3"",""name"":""Aretes Oro Argolla Pequena"",""qty"":1,""price"":1800,""line_total"":1800}]",pending,,21800,2026-06-18T00:00:00.000Z,21800,2,Sofia Mendez,
TCK-7209,2026-05-27T20:40:00.000Z,Cliente Frecuente,0,NULL,0,5,desktop,tarjeta,,"[{""product_id"":""14"",""name"":""Esclava Plata Personalizada"",""qty"":2,""price"":1450,""line_total"":2900},{""product_id"":""1"",""name"":""Anillo Oro 14k Solitario"",""qty"":1,""price"":4800,""line_total"":4800},{""product_id"":""15"",""name"":""Set Aretes Collar Cuarzo Rosa"",""qty"":2,""price"":2200,""line_total"":4400}]",pending,,12100,2026-06-18T00:00:00.000Z,12100,2,Sofia Mendez,
TCK-7210,2026-05-27T18:31:00.000Z,Cliente Frecuente,0,NULL,0,3,desktop,efectivo,,"[{""product_id"":""14"",""name"":""Esclava Plata Personalizada"",""qty"":2,""price"":1450,""line_total"":2900},{""product_id"":""2"",""name"":""Anillo Plata 925 Infinito"",""qty"":1,""price"":950,""line_total"":950}]",pending,,3850,2026-06-18T00:00:00.000Z,3850,3,Andrea Vargas,
TCK-7211,2026-05-27T14:09:00.000Z,Andrea L.,0,NULL,0,2,desktop,efectivo,,"[{""product_id"":""7"",""name"":""Pulsera Oro Eslabon Cubano"",""qty"":2,""price"":4200,""line_total"":8400}]",pending,,8400,2026-06-18T00:00:00.000Z,8400,3,Andrea Vargas,
TCK-7212,2026-05-28T20:33:00.000Z,Andrea L.,0,NULL,0,1,desktop,tarjeta,,"[{""product_id"":""11"",""name"":""Cadena Oro 50cm Barbada"",""qty"":1,""price"":5200,""line_total"":5200}]",pending,,5200,2026-06-18T00:00:00.000Z,5200,5,Roberto Aguilar,
TCK-7213,2026-05-28T16:45:00.000Z,Regalo Aniversario,0,NULL,0,2,desktop,transferencia,,"[{""product_id"":""13"",""name"":""Anillo Compromiso Diamante"",""qty"":2,""price"":18500,""line_total"":37000}]",pending,,37000,2026-06-18T00:00:00.000Z,37000,4,Patricia Solis,
TCK-7214,2026-05-29T17:42:00.000Z,Pedido Online,0,NULL,0,4,desktop,transferencia,,"[{""product_id"":""1"",""name"":""Anillo Oro 14k Solitario"",""qty"":1,""price"":4800,""line_total"":4800},{""product_id"":""6"",""name"":""Collar Plata Dije Corazon"",""qty"":2,""price"":890,""line_total"":1780},{""product_id"":""9"",""name"":""Dije Oro Letra Inicial"",""qty"":1,""price"":1500,""line_total"":1500}]",pending,,8080,2026-06-18T00:00:00.000Z,8080,3,Andrea Vargas,
TCK-7215,2026-05-29T11:14:00.000Z,Andrea L.,0,NULL,0,1,desktop,tarjeta,,"[{""product_id"":""6"",""name"":""Collar Plata Dije Corazon"",""qty"":1,""price"":890,""line_total"":890}]",pending,,890,2026-06-18T00:00:00.000Z,890,5,Roberto Aguilar,
TCK-7216,2026-05-29T15:58:00.000Z,Cliente Frecuente,0,12 km,1,3,desktop,efectivo,,"[{""product_id"":""13"",""name"":""Anillo Compromiso Diamante"",""qty"":2,""price"":18500,""line_total"":37000},{""product_id"":""8"",""name"":""Pulsera Plata Tejido Cuerda"",""qty"":1,""price"":780,""line_total"":780}]",pending,,37780,2026-06-18T00:00:00.000Z,37780,2,Sofia Mendez,
TCK-7217,2026-05-29T11:18:00.000Z,Regalo Aniversario,0,NULL,0,3,desktop,tarjeta,,"[{""product_id"":""2"",""name"":""Anillo Plata 925 Infinito"",""qty"":1,""price"":950,""line_total"":950},{""product_id"":""9"",""name"":""Dije Oro Letra Inicial"",""qty"":2,""price"":1500,""line_total"":3000}]",pending,,3950,2026-06-18T00:00:00.000Z,3950,2,Sofia Mendez,
TCK-7218,2026-05-30T19:59:00.000Z,Cliente Nuevo,0,NULL,0,1,desktop,efectivo,,"[{""product_id"":""1"",""name"":""Anillo Oro 14k Solitario"",""qty"":1,""price"":4800,""line_total"":4800}]",pending,,4800,2026-06-18T00:00:00.000Z,4800,4,Patricia Solis,
TCK-7219,2026-05-30T20:18:00.000Z,Maria Garcia,0,NULL,0,2,desktop,transferencia,,"[{""product_id"":""9"",""name"":""Dije Oro Letra Inicial"",""qty"":2,""price"":1500,""line_total"":3000}]",pending,,3000,2026-06-18T00:00:00.000Z,3000,3,Andrea Vargas,
TCK-7220,2026-05-31T16:29:00.000Z,Luis Hernandez,0,NULL,0,6,desktop,tarjeta,,"[{""product_id"":""9"",""name"":""Dije Oro Letra Inicial"",""qty"":2,""price"":1500,""line_total"":3000},{""product_id"":""5"",""name"":""Collar Oro Cadena Veneciana"",""qty"":2,""price"":3600,""line_total"":7200},{""product_id"":""8"",""name"":""Pulsera Plata Tejido Cuerda"",""qty"":2,""price"":780,""line_total"":1560}]",pending,,11760,2026-06-18T00:00:00.000Z,11760,3,Andrea Vargas,
TCK-7221,2026-06-01T17:37:00.000Z,Mostrador,0,NULL,0,2,desktop,tarjeta,,"[{""product_id"":""6"",""name"":""Collar Plata Dije Corazon"",""qty"":2,""price"":890,""line_total"":1780}]",pending,,1780,2026-06-18T00:00:00.000Z,1780,3,Andrea Vargas,
TCK-7222,2026-06-02T18:17:00.000Z,Maria Garcia,0,NULL,0,2,desktop,transferencia,,"[{""product_id"":""14"",""name"":""Esclava Plata Personalizada"",""qty"":2,""price"":1450,""line_total"":2900}]",pending,,2900,2026-06-18T00:00:00.000Z,2900,3,Andrea Vargas,
TCK-7223,2026-06-02T20:55:00.000Z,Mostrador,0,NULL,0,4,desktop,tarjeta,,"[{""product_id"":""1"",""name"":""Anillo Oro 14k Solitario"",""qty"":2,""price"":4800,""line_total"":9600},{""product_id"":""13"",""name"":""Anillo Compromiso Diamante"",""qty"":2,""price"":18500,""line_total"":37000}]",pending,,46600,2026-06-18T00:00:00.000Z,46600,2,Sofia Mendez,
TCK-7224,2026-06-02T13:26:00.000Z,Maria Garcia,0,NULL,0,5,desktop,efectivo,,"[{""product_id"":""7"",""name"":""Pulsera Oro Eslabon Cubano"",""qty"":2,""price"":4200,""line_total"":8400},{""product_id"":""14"",""name"":""Esclava Plata Personalizada"",""qty"":2,""price"":1450,""line_total"":2900},{""product_id"":""8"",""name"":""Pulsera Plata Tejido Cuerda"",""qty"":1,""price"":780,""line_total"":780}]",pending,,12080,2026-06-18T00:00:00.000Z,12080,4,Patricia Solis,
TCK-7225,2026-06-03T13:26:00.000Z,Cliente Frecuente,0,NULL,0,4,desktop,transferencia,,"[{""product_id"":""2"",""name"":""Anillo Plata 925 Infinito"",""qty"":1,""price"":950,""line_total"":950},{""product_id"":""12"",""name"":""Cadena Plata 60cm Snake"",""qty"":1,""price"":1100,""line_total"":1100},{""product_id"":""14"",""name"":""Esclava Plata Personalizada"",""qty"":2,""price"":1450,""line_total"":2900}]",pending,,4950,2026-06-18T00:00:00.000Z,4950,5,Roberto Aguilar,
TCK-7226,2026-06-03T15:55:00.000Z,Cliente Nuevo,0,NULL,0,3,desktop,tarjeta,,"[{""product_id"":""7"",""name"":""Pulsera Oro Eslabon Cubano"",""qty"":1,""price"":4200,""line_total"":4200},{""product_id"":""10"",""name"":""Dije Plata Cruz Catolica"",""qty"":2,""price"":520,""line_total"":1040}]",pending,,5240,2026-06-18T00:00:00.000Z,5240,3,Andrea Vargas,
TCK-7227,2026-06-03T19:35:00.000Z,Cliente Nuevo,0,NULL,0,5,desktop,transferencia,,"[{""product_id"":""8"",""name"":""Pulsera Plata Tejido Cuerda"",""qty"":2,""price"":780,""line_total"":1560},{""product_id"":""5"",""name"":""Collar Oro Cadena Veneciana"",""qty"":2,""price"":3600,""line_total"":7200},{""product_id"":""12"",""name"":""Cadena Plata 60cm Snake"",""qty"":1,""price"":1100,""line_total"":1100}]",pending,,9860,2026-06-18T00:00:00.000Z,9860,4,Patricia Solis,
TCK-7228,2026-06-04T17:37:00.000Z,Regalo Aniversario,0,NULL,0,2,desktop,tarjeta,,"[{""product_id"":""5"",""name"":""Collar Oro Cadena Veneciana"",""qty"":1,""price"":3600,""line_total"":3600},{""product_id"":""3"",""name"":""Aretes Oro Argolla Pequena"",""qty"":1,""price"":1800,""line_total"":1800}]",pending,,5400,2026-06-18T00:00:00.000Z,5400,4,Patricia Solis,
TCK-7229,2026-06-04T17:57:00.000Z,Mostrador,0,NULL,0,2,desktop,transferencia,,"[{""product_id"":""14"",""name"":""Esclava Plata Personalizada"",""qty"":1,""price"":1450,""line_total"":1450},{""product_id"":""10"",""name"":""Dije Plata Cruz Catolica"",""qty"":1,""price"":520,""line_total"":520}]",pending,,1970,2026-06-18T00:00:00.000Z,1970,3,Andrea Vargas,
TCK-7230,2026-06-04T19:39:00.000Z,Andrea L.,0,NULL,0,4,desktop,efectivo,,"[{""product_id"":""10"",""name"":""Dije Plata Cruz Catolica"",""qty"":2,""price"":520,""line_total"":1040},{""product_id"":""8"",""name"":""Pulsera Plata Tejido Cuerda"",""qty"":2,""price"":780,""line_total"":1560}]",pending,,2600,2026-06-18T00:00:00.000Z,2600,4,Patricia Solis,
TCK-7231,2026-06-04T12:33:00.000Z,Andrea L.,0,NULL,0,2,desktop,tarjeta,,"[{""product_id"":""6"",""name"":""Collar Plata Dije Corazon"",""qty"":1,""price"":890,""line_total"":890},{""product_id"":""1"",""name"":""Anillo Oro 14k Solitario"",""qty"":1,""price"":4800,""line_total"":4800}]",pending,,5690,2026-06-18T00:00:00.000Z,5690,4,Patricia Solis,
TCK-7232,2026-06-05T18:25:00.000Z,Pedido Online,0,NULL,0,5,desktop,tarjeta,,"[{""product_id"":""7"",""name"":""Pulsera Oro Eslabon Cubano"",""qty"":2,""price"":4200,""line_total"":8400},{""product_id"":""11"",""name"":""Cadena Oro 50cm Barbada"",""qty"":2,""price"":5200,""line_total"":10400},{""product_id"":""9"",""name"":""Dije Oro Letra Inicial"",""qty"":1,""price"":1500,""line_total"":1500}]",pending,,20300,2026-06-18T00:00:00.000Z,20300,3,Andrea Vargas,
TCK-7233,2026-06-05T12:41:00.000Z,Andrea L.,0,NULL,0,4,desktop,transferencia,,"[{""product_id"":""6"",""name"":""Collar Plata Dije Corazon"",""qty"":2,""price"":890,""line_total"":1780},{""product_id"":""15"",""name"":""Set Aretes Collar Cuarzo Rosa"",""qty"":2,""price"":2200,""line_total"":4400}]",pending,,6180,2026-06-18T00:00:00.000Z,6180,2,Sofia Mendez,
TCK-7234,2026-06-05T17:11:00.000Z,Mostrador,0,NULL,0,4,desktop,efectivo,,"[{""product_id"":""3"",""name"":""Aretes Oro Argolla Pequena"",""qty"":1,""price"":1800,""line_total"":1800},{""product_id"":""9"",""name"":""Dije Oro Letra Inicial"",""qty"":1,""price"":1500,""line_total"":1500},{""product_id"":""5"",""name"":""Collar Oro Cadena Veneciana"",""qty"":2,""price"":3600,""line_total"":7200}]",pending,,10500,2026-06-18T00:00:00.000Z,10500,3,Andrea Vargas,
TCK-7235,2026-06-06T19:00:00.000Z,Andrea L.,0,NULL,0,2,desktop,transferencia,,"[{""product_id"":""13"",""name"":""Anillo Compromiso Diamante"",""qty"":2,""price"":18500,""line_total"":37000}]",pending,,37000,2026-06-18T00:00:00.000Z,37000,2,Sofia Mendez,
TCK-7236,2026-06-06T18:49:00.000Z,Pedido Online,0,NULL,0,2,desktop,efectivo,,"[{""product_id"":""10"",""name"":""Dije Plata Cruz Catolica"",""qty"":2,""price"":520,""line_total"":1040}]",pending,,1040,2026-06-18T00:00:00.000Z,1040,2,Sofia Mendez,
TCK-7237,2026-06-06T19:06:00.000Z,Pedido Online,0,NULL,0,3,desktop,tarjeta,,"[{""product_id"":""4"",""name"":""Aretes Plata Perla Natural"",""qty"":1,""price"":1200,""line_total"":1200},{""product_id"":""7"",""name"":""Pulsera Oro Eslabon Cubano"",""qty"":1,""price"":4200,""line_total"":4200},{""product_id"":""10"",""name"":""Dije Plata Cruz Catolica"",""qty"":1,""price"":520,""line_total"":520}]",pending,,5920,2026-06-18T00:00:00.000Z,5920,2,Sofia Mendez,
TCK-7238,2026-06-06T20:20:00.000Z,Luis Hernandez,0,NULL,0,4,desktop,efectivo,,"[{""product_id"":""8"",""name"":""Pulsera Plata Tejido Cuerda"",""qty"":1,""price"":780,""line_total"":780},{""product_id"":""14"",""name"":""Esclava Plata Personalizada"",""qty"":1,""price"":1450,""line_total"":1450},{""product_id"":""15"",""name"":""Set Aretes Collar Cuarzo Rosa"",""qty"":2,""price"":2200,""line_total"":4400}]",pending,,6630,2026-06-18T00:00:00.000Z,6630,5,Roberto Aguilar,
TCK-7239,2026-06-07T18:39:00.000Z,Mostrador,0,6 km,1,2,desktop,efectivo,,"[{""product_id"":""5"",""name"":""Collar Oro Cadena Veneciana"",""qty"":2,""price"":3600,""line_total"":7200}]",pending,,7200,2026-06-18T00:00:00.000Z,7200,2,Sofia Mendez,
TCK-7240,2026-06-07T11:28:00.000Z,Maria Garcia,0,NULL,0,1,desktop,efectivo,,"[{""product_id"":""4"",""name"":""Aretes Plata Perla Natural"",""qty"":1,""price"":1200,""line_total"":1200}]",pending,,1200,2026-06-18T00:00:00.000Z,1200,5,Roberto Aguilar,
TCK-7241,2026-06-08T16:00:00.000Z,Luis Hernandez,0,NULL,0,2,desktop,efectivo,,"[{""product_id"":""1"",""name"":""Anillo Oro 14k Solitario"",""qty"":2,""price"":4800,""line_total"":9600}]",pending,,9600,2026-06-18T00:00:00.000Z,9600,3,Andrea Vargas,
TCK-7242,2026-06-08T17:43:00.000Z,Luis Hernandez,0,NULL,0,3,desktop,efectivo,,"[{""product_id"":""10"",""name"":""Dije Plata Cruz Catolica"",""qty"":1,""price"":520,""line_total"":520},{""product_id"":""5"",""name"":""Collar Oro Cadena Veneciana"",""qty"":2,""price"":3600,""line_total"":7200}]",pending,,7720,2026-06-18T00:00:00.000Z,7720,5,Roberto Aguilar,
TCK-7243,2026-06-09T16:24:00.000Z,Andrea L.,0,NULL,0,4,desktop,efectivo,,"[{""product_id"":""8"",""name"":""Pulsera Plata Tejido Cuerda"",""qty"":1,""price"":780,""line_total"":780},{""product_id"":""1"",""name"":""Anillo Oro 14k Solitario"",""qty"":1,""price"":4800,""line_total"":4800},{""product_id"":""13"",""name"":""Anillo Compromiso Diamante"",""qty"":2,""price"":18500,""line_total"":37000}]",pending,,42580,2026-06-18T00:00:00.000Z,42580,3,Andrea Vargas,
TCK-7244,2026-06-09T12:07:00.000Z,Andrea L.,0,NULL,0,5,desktop,transferencia,,"[{""product_id"":""6"",""name"":""Collar Plata Dije Corazon"",""qty"":2,""price"":890,""line_total"":1780},{""product_id"":""2"",""name"":""Anillo Plata 925 Infinito"",""qty"":2,""price"":950,""line_total"":1900},{""product_id"":""15"",""name"":""Set Aretes Collar Cuarzo Rosa"",""qty"":1,""price"":2200,""line_total"":2200}]",pending,,5880,2026-06-18T00:00:00.000Z,5880,5,Roberto Aguilar,
TCK-7245,2026-06-09T11:17:00.000Z,Regalo Aniversario,0,NULL,0,1,desktop,transferencia,,"[{""product_id"":""8"",""name"":""Pulsera Plata Tejido Cuerda"",""qty"":1,""price"":780,""line_total"":780}]",pending,,780,2026-06-18T00:00:00.000Z,780,4,Patricia Solis,
TCK-7246,2026-06-09T19:53:00.000Z,Cliente Nuevo,0,NULL,0,1,desktop,efectivo,,"[{""product_id"":""4"",""name"":""Aretes Plata Perla Natural"",""qty"":1,""price"":1200,""line_total"":1200}]",pending,,1200,2026-06-18T00:00:00.000Z,1200,3,Andrea Vargas,
TCK-7247,2026-06-10T17:24:00.000Z,Luis Hernandez,0,NULL,0,1,desktop,transferencia,,"[{""product_id"":""3"",""name"":""Aretes Oro Argolla Pequena"",""qty"":1,""price"":1800,""line_total"":1800}]",pending,,1800,2026-06-18T00:00:00.000Z,1800,4,Patricia Solis,
TCK-7248,2026-06-10T15:38:00.000Z,Maria Garcia,0,NULL,0,4,desktop,tarjeta,,"[{""product_id"":""9"",""name"":""Dije Oro Letra Inicial"",""qty"":2,""price"":1500,""line_total"":3000},{""product_id"":""4"",""name"":""Aretes Plata Perla Natural"",""qty"":2,""price"":1200,""line_total"":2400}]",pending,,5400,2026-06-18T00:00:00.000Z,5400,3,Andrea Vargas,
TCK-7249,2026-06-10T12:43:00.000Z,Andrea L.,0,NULL,0,3,desktop,tarjeta,,"[{""product_id"":""10"",""name"":""Dije Plata Cruz Catolica"",""qty"":1,""price"":520,""line_total"":520},{""product_id"":""9"",""name"":""Dije Oro Letra Inicial"",""qty"":2,""price"":1500,""line_total"":3000}]",pending,,3520,2026-06-18T00:00:00.000Z,3520,3,Andrea Vargas,
TCK-7250,2026-06-10T13:49:00.000Z,Regalo Aniversario,0,4 km,1,1,desktop,transferencia,,"[{""product_id"":""11"",""name"":""Cadena Oro 50cm Barbada"",""qty"":1,""price"":5200,""line_total"":5200}]",pending,,5200,2026-06-18T00:00:00.000Z,5200,3,Andrea Vargas,
TCK-7251,2026-06-11T14:04:00.000Z,Luis Hernandez,0,NULL,0,4,desktop,efectivo,,"[{""product_id"":""15"",""name"":""Set Aretes Collar Cuarzo Rosa"",""qty"":2,""price"":2200,""line_total"":4400},{""product_id"":""2"",""name"":""Anillo Plata 925 Infinito"",""qty"":1,""price"":950,""line_total"":950},{""product_id"":""14"",""name"":""Esclava Plata Personalizada"",""qty"":1,""price"":1450,""line_total"":1450}]",pending,,6800,2026-06-18T00:00:00.000Z,6800,4,Patricia Solis,
TCK-7252,2026-06-11T18:49:00.000Z,Luis Hernandez,0,NULL,0,1,desktop,transferencia,,"[{""product_id"":""14"",""name"":""Esclava Plata Personalizada"",""qty"":1,""price"":1450,""line_total"":1450}]",pending,,1450,2026-06-18T00:00:00.000Z,1450,5,Roberto Aguilar,
TCK-7253,2026-06-12T14:54:00.000Z,Regalo Aniversario,0,10 km,1,2,desktop,tarjeta,,"[{""product_id"":""6"",""name"":""Collar Plata Dije Corazon"",""qty"":2,""price"":890,""line_total"":1780}]",pending,,1780,2026-06-18T00:00:00.000Z,1780,4,Patricia Solis,
TCK-7254,2026-06-12T14:45:00.000Z,Pedido Online,0,NULL,0,4,desktop,transferencia,,"[{""product_id"":""2"",""name"":""Anillo Plata 925 Infinito"",""qty"":1,""price"":950,""line_total"":950},{""product_id"":""3"",""name"":""Aretes Oro Argolla Pequena"",""qty"":2,""price"":1800,""line_total"":3600},{""product_id"":""5"",""name"":""Collar Oro Cadena Veneciana"",""qty"":1,""price"":3600,""line_total"":3600}]",pending,,8150,2026-06-18T00:00:00.000Z,8150,2,Sofia Mendez,
TCK-7255,2026-06-13T11:35:00.000Z,Pedido Online,0,NULL,0,2,desktop,tarjeta,,"[{""product_id"":""13"",""name"":""Anillo Compromiso Diamante"",""qty"":2,""price"":18500,""line_total"":37000}]",pending,,37000,2026-06-18T00:00:00.000Z,37000,4,Patricia Solis,
TCK-7256,2026-06-13T17:42:00.000Z,Luis Hernandez,0,NULL,0,4,desktop,efectivo,,"[{""product_id"":""14"",""name"":""Esclava Plata Personalizada"",""qty"":2,""price"":1450,""line_total"":2900},{""product_id"":""4"",""name"":""Aretes Plata Perla Natural"",""qty"":1,""price"":1200,""line_total"":1200},{""product_id"":""10"",""name"":""Dije Plata Cruz Catolica"",""qty"":1,""price"":520,""line_total"":520}]",pending,,4620,2026-06-18T00:00:00.000Z,4620,5,Roberto Aguilar,
TCK-7257,2026-06-13T11:50:00.000Z,Maria Garcia,0,NULL,0,2,desktop,tarjeta,,"[{""product_id"":""15"",""name"":""Set Aretes Collar Cuarzo Rosa"",""qty"":2,""price"":2200,""line_total"":4400}]",pending,,4400,2026-06-18T00:00:00.000Z,4400,2,Sofia Mendez,
TCK-7258,2026-06-13T20:53:00.000Z,Cliente Frecuente,0,NULL,0,3,desktop,tarjeta,,"[{""product_id"":""12"",""name"":""Cadena Plata 60cm Snake"",""qty"":1,""price"":1100,""line_total"":1100},{""product_id"":""2"",""name"":""Anillo Plata 925 Infinito"",""qty"":2,""price"":950,""line_total"":1900}]",pending,,3000,2026-06-18T00:00:00.000Z,3000,5,Roberto Aguilar,
TCK-7259,2026-06-14T17:43:00.000Z,Maria Garcia,0,6 km,1,3,desktop,efectivo,,"[{""product_id"":""8"",""name"":""Pulsera Plata Tejido Cuerda"",""qty"":1,""price"":780,""line_total"":780},{""product_id"":""6"",""name"":""Collar Plata Dije Corazon"",""qty"":2,""price"":890,""line_total"":1780}]",pending,,2560,2026-06-18T00:00:00.000Z,2560,5,Roberto Aguilar,
TCK-7260,2026-06-14T14:34:00.000Z,Maria Garcia,0,NULL,0,2,desktop,tarjeta,,"[{""product_id"":""12"",""name"":""Cadena Plata 60cm Snake"",""qty"":2,""price"":1100,""line_total"":2200}]",pending,,2200,2026-06-18T00:00:00.000Z,2200,4,Patricia Solis,
TCK-7261,2026-06-14T14:40:00.000Z,Pedido Online,0,NULL,0,2,desktop,transferencia,,"[{""product_id"":""3"",""name"":""Aretes Oro Argolla Pequena"",""qty"":2,""price"":1800,""line_total"":3600}]",pending,,3600,2026-06-18T00:00:00.000Z,3600,4,Patricia Solis,
TCK-7262,2026-06-15T11:32:00.000Z,Luis Hernandez,0,NULL,0,5,desktop,tarjeta,,"[{""product_id"":""12"",""name"":""Cadena Plata 60cm Snake"",""qty"":2,""price"":1100,""line_total"":2200},{""product_id"":""8"",""name"":""Pulsera Plata Tejido Cuerda"",""qty"":1,""price"":780,""line_total"":780},{""product_id"":""11"",""name"":""Cadena Oro 50cm Barbada"",""qty"":2,""price"":5200,""line_total"":10400}]",pending,,13380,2026-06-18T00:00:00.000Z,13380,5,Roberto Aguilar,
TCK-7263,2026-06-15T16:40:00.000Z,Andrea L.,0,NULL,0,1,desktop,efectivo,,"[{""product_id"":""15"",""name"":""Set Aretes Collar Cuarzo Rosa"",""qty"":1,""price"":2200,""line_total"":2200}]",pending,,2200,2026-06-18T00:00:00.000Z,2200,3,Andrea Vargas,
